Symbol,Sector,Beta,Volatility,Sharpe_Ratio,Avg_Daily_Return,Total_Return,Avg_Volume,CAPM_Expected_Return,Market_Cap,PE_Ratio,Dividend_Yield,DE_Ratio
MMM,Industrials,0.7766978379749758,0.0186003886545011,0.006352833126363874,0.00020943500647739862,0.05017023596635228,4303163.112171838,0.0004528009331524543,82107334656,20.964186,0.0199,295.441
AOS,Industrials,0.8164447951767833,0.01903696818251598,0.023244101008388366,0.0005337670525977182,0.5585583749424139,1136322.354813047,0.00047272353654352243,9758164992,18.539946,0.0196,7.471
ABT,Health Care,0.756589580336109,0.01647585914371304,0.01947879438609357,0.0004121997138644673,0.41548610363239136,5672287.589498807,0.0004427219517655132,221889478656,16.744764,0.0202,37.589
ABBV,Health Care,0.5369990426460405,0.015618006954744728,0.04749020092032836,0.000832972129525754,1.4382519116705472,6767964.598249801,0.00033265528254556833,324977033216,76.9456,0.0373,1174.815
ACN,Information Technology,1.0680852075623526,0.018547199415173448,0.029678597969898034,0.000641724716180302,0.805200473212164,2311529.5147175817,0.0005988547547816462,240778526720,32.267395,0.017,14.127
ADBE,Information Technology,1.2577791715132374,0.024499947122401892,0.0179746160079464,0.0005316469830100066,0.3330143753737931,3082182.0206841687,0.000693936186808881,190421991424,35.33522,,41.788
AMD,Information Technology,1.5595365524456022,0.03305705589327286,0.03573187798106612,0.0012724605288615498,1.4936864815981639,63816023.150358,0.0008451878308056599,188164816896,103.52678,,3.927
AES,Utilities,1.1084183700919827,0.025329870882292188,-0.0002833197211994211,8.40933893134529e-05,-0.260092558278169,6410974.065234685,0.000619071185350293,7821297152,7.6388884,0.063,352.879
AFL,Financials,0.9535999407705763,0.02026754631498147,0.03620643647382728,0.00082508546940357,1.1804769493029017,2940451.8695306284,0.0005414706246498063,59652595712,15.955423,0.0216,50.141
A,Health Care,0.9459951483457534,0.01869623920035634,0.024886289191084862,0.0005565498567956063,0.6153362868209251,1747952.4264120923,0.0005376588293825134,43227140096,34.280544,,
APD,Materials,0.8885177525972646,0.0190612688237567,0.018844967127087924,0.0004504788256541222,0.3986451442597738,1189152.3468575974,0.0005088490929884898,74554785792,19.457924,0.0214,79.822
AKAM,Information Technology,0.6841723491885415,0.018798506638493025,0.00831180317284361,0.00024751932839238926,0.09036967394001127,1627049.323786794,0.00040642383295588796,15007678464,29.556213,,96.999
ALB,Materials,1.3444027025108345,0.03374365018633466,0.01964927511835835,0.0007543081072787751,0.25395613052379207,1839624.9801113764,0.0007373550136548401,9895693312,,0.019199999,35.334
ARE,Real Estate,0.9690018810278421,0.019807243199327283,-0.008090286477452241,-6.897643054128411e-05,-0.2838402567019843,964999.2840095465,0.0005491906306276345,16850505728,54.083332,0.051999997,58.757
ALGN,Health Care,1.532692433427345,0.034169229269607644,0.006796975545737097,0.0003235172570320487,-0.27178508472694574,840034.3675417661,0.0008317325936193766,16357241856,37.4547,,3.235
ALLE,Industrials,1.0216372233998199,0.019396166098975924,0.009365701514469832,0.0002729285434779285,0.11164909693607328,739366.9053301512,0.0005755733558537636,11538124800,20.42,0.0145000005,162.864
LNT,Utilities,0.6336126882209931,0.015843556016846182,0.015182493137188302,0.0003318145217642669,0.2957699658152997,1471948.5282418458,0.00038108151384630006,15108549632,22.910507,0.0345,153.258
ALL,Financials,0.7979376837907847,0.01849765336314076,0.0328021185151304,0.0006980320591393849,0.9340488475058824,1838050.676213206,0.0004634471072011323,50929561600,12.440492,0.0191,38.833
GOOGL,Communication Services,1.1326529696452063,0.020478093604309258,0.04589649969012313,0.0010311426580343337,1.8046479382888636,33100377.804295942,0.0006312184375987814,2506161389568,27.022516,0.0039,9.324
GOOG,Communication Services,1.126547984824114,0.020405574437949128,0.0463189610543942,0.0010364348489537488,1.8285303174604595,27421397.931583133,0.000628158399803144,2506161389568,27.231789,0.0039,9.324
MO,Consumer Staples,0.5539396583216036,0.01543038231898244,0.025864528313450937,0.0004903694016465353,0.5922779222103041,9049606.205250597,0.00034114652794055945,88302649344,7.9862385,0.0775,
AMZN,Consumer Discretionary,1.08102525475742,0.022662574270352724,0.03704717619660607,0.0009308542233322699,1.331916154599504,68523680.11137629,0.0006053407714802354,2499205136384,50.786324,,61.175
AMCR,Materials,0.8825739319802134,0.018656263801037763,0.008434426276862823,0.00024862472290139887,0.09772593178423028,8208028.639618139,0.0005058698364838992,14048705536,18.339624,0.0525,196.619
AEE,Utilities,0.6717111740724947,0.01653163409245313,0.017556630162596436,0.00038150962701441146,0.35978582227253897,1465957.9952267304,0.0004001778441531939,25144616960,22.164705,0.028499998,152.976
AEP,Utilities,0.576636470830325,0.015634504379046725,0.010434173885334165,0.00025440297857183325,0.18049239392923133,3030742.800318218,0.0003525229860567578,52383092736,19.830645,0.0378,165.878
AXP,Financials,1.304836053036593,0.024293035750412497,0.03852751456407136,0.001027220129949365,1.5219883947688242,3665475.0994431186,0.0007175227869767969,222849908736,22.675001,0.0086,186.815
AIG,Financials,1.2407465060702039,0.025350503011334312,0.0240538699217926,0.0007010475431564884,0.6039076264208885,4876648.289578361,0.0006853988027623136,45946826752,14.644135,0.0217,22.306
AMT,Real Estate,0.8476197158561355,0.019281518333732834,0.000890229714806702,0.00010843482183712044,-0.0923693167877101,2058028.2418456643,0.0004883495271643718,86425100288,44.673912,0.035,439.338
AWK,Utilities,0.7511016875977421,0.017506437911700957,0.00908758971890991,0.0002503611664509496,0.13012211539922913,994867.6213206046,0.00043997122269903173,24291588096,24.730158,0.024600001,129.608
AMP,Financials,1.5129349527569715,0.02487074805605759,0.04827516086930273,0.0012919092046159196,2.432410247317975,616755.9268098647,0.0008218294342554027,52271230976,21.980583,0.010299999,67.402
AME,Industrials,1.0230122950692357,0.0176044223952462,0.031622579018960546,0.0006479670795466729,0.8541913964412919,1089746.2211614957,0.0005762625911923324,42690203648,32.153313,0.0061000003,26.778
AMGN,Health Care,0.6360724202872303,0.0165090220130912,0.013742999897067096,0.0003181533290964321,0.25809843094207663,2717797.9315831345,0.0003823144199567005,153422675968,36.498722,0.0334,802.418
APH,Information Technology,1.0948959295886322,0.017881448796458477,0.04768615401585271,0.0009439673626043442,1.6725091503950602,5537852.108194113,0.0006122932521953163,85333073920,36.864582,0.0091,57.565
ADI,Information Technology,1.268108840161546,0.022322655975184503,0.030615962690300945,0.0007746994437545135,0.9339042541686582,3326805.171042164,0.0006991137879670407,105128370176,64.60061,0.0165,23.07
ANSS,Information Technology,1.2686054749522169,0.022672031629256264,0.01647453063128592,0.00046478092081950683,0.3017451296077176,500279.07716786,0.0006993627191723781,30651224064,54.089504,,14.888
AON,Financials,0.752156737609008,0.017003492225706338,0.030301425664554224,0.0006064998969849075,0.7852999918953503,1239809.3874303899,0.0004405000516814736,80097124352,29.6656,0.0073,274.699
APA,Energy,1.504430408929773,0.0440087920482802,0.021063367534593553,0.0010182432029362653,-0.026727914388866014,8416858.392999204,0.0008175666512496252,8112937984,3.115057,0.0456,105.032
APO,Financials,1.3902479011575049,0.026993202991221085,0.0513606291324788,0.0014776577291996647,3.0593826686656564,2660561.2569610183,0.0007603342748190335,96743219200,18.054909,0.0108,92.115
AAPL,Information Technology,1.1732570366975925,0.01996225413769254,0.054973804383455754,0.0011886708952881812,2.464475052192942,90614487.5099443,0.000651570655250105,3545215795200,37.460316,0.0042,209.059
AMAT,Information Technology,1.634685965273091,0.029445970176699813,0.039153624821669196,0.0012441863100784059,1.7566924454319763,7315165.07557677,0.0008828554172634637,146570625024,20.97093,0.0086,35.409
APTV,Consumer Discretionary,1.4452577794070645,0.030250679568435943,0.00018968282154911383,9.700787552416032e-05,-0.3742821656386335,2160599.3635640414,0.0007879072027639955,14670946304,6.9510026,,109.665
ACGL,Financials,0.9863076084952912,0.02134216492129155,0.036328679256633495,0.0008666025053376166,1.226610909911059,2008127.8440731901,0.0005578648831742476,35016843264,6.246309,,12.243
ADM,Consumer Staples,0.7807238804279867,0.01917184216304732,0.014093074565181976,0.0003614600424255669,0.24201007003223896,3176293.07875895,0.0004548189303193743,24515297280,14.39045,0.0379,52.874
ANET,Information Technology,1.2375088650850166,0.026919309812779672,0.07397369698620736,0.002082590708438243,7.71043347273848,9547726.889419252,0.0006837759807449436,145162141696,55.133976,,0.755
AJG,Financials,0.8303733524619967,0.016305958528801626,0.058936281666556276,0.0010522824059664795,2.166837842162716,966542.800318218,0.00047970503002475084,75395547136,46.505394,0.0087,70.273
AIZ,Financials,0.815074966047255,0.01945747214654671,0.028260320384857873,0.0006411442380106995,0.7584461672595537,413660.7000795545,0.0004720369289543538,11036535808,15.359743,0.0149,39.627
T,Communication Services,0.6141373871724023,0.016764456342400664,0.008613151442829153,0.0002356646426036359,0.12674058671568322,47101921.45346062,0.00037131979304984406,170286481408,15.926174,0.048899997,125.151
ATO,Utilities,0.6573117407784327,0.016050936990263307,0.019985369476776628,0.0004120537474687145,0.4281598386768388,923155.6085918854,0.00039296033069380646,22149187584,20.8653,0.023699999,64.648
ADSK,Information Technology,1.33663750803448,0.024721808343327153,0.02354026147193782,0.0006732276737308964,0.5840387365108626,1541293.3969769292,0.0007334628191147286,67096567808,61.773808,,105.214
ADP,Industrials,0.9795508228360895,0.01742495570485413,0.03316003052600724,0.0006690819043571281,0.9122629613277342,1820789.4988066826,0.0005544781393738791,123285987328,31.629438,0.020599999,176.65
AZO,Consumer Discretionary,0.7287918863326664,0.01781602153631578,0.04792474158943459,0.0009450980695495765,1.6776522493035855,183468.89419252187,0.0004287887485267084,56223895552,22.421429,,
AVB,Real Estate,0.895090951647408,0.018897580969789895,0.01414925431092188,0.00035865652027263623,0.25247783478811336,811618.4566428004,0.0005121438165825916,31506915328,30.302324,0.0307,71.946
AVY,Materials,1.0078653823876924,0.019691485931497162,0.02339412952709552,0.000551935013732265,0.5709582901631018,518777.00875099446,0.000568670414200736,14922736640,21.274914,0.0182,131.956
AXON,Industrials,1.1450585135568216,0.03145622319940396,0.06480995709193926,0.002129946317097676,6.893417275277652,618104.0572792363,0.0006374365420425187,49731854336,169.3974,,34.832
BKR,Energy,1.137652786204001,0.028037621305363167,0.028316524870998977,0.0008851978422868082,0.8550333725986032,7892153.062848051,0.0006337245253433908,45696311296,15.496644,0.020599999,36.933
BALL,Materials,0.8266311809237361,0.020694213976792407,0.002311900208892432,0.0001391127988856523,-0.09076236244242086,1965619.093078759,0.00047782931916216635,16622327808,23.208332,0.014400001,90.836
BAC,Financials,1.192618741489694,0.022524211226971815,0.01892537080323852,0.000517548890790751,0.3951679278021143,49878026.96897375,0.0006612754375203423,352382812160,14.423676,0.0221,
BAX,Health Care,0.6460236126725306,0.018646792138294448,-0.03806691981343861,-0.0006185560998364709,-0.6314401867258836,3777048.448687351,0.0003873023152100142,16624745472,130.24,0.0209,166.129
BDX,Health Care,0.5085406270901389,0.015338697764791045,-0.0027922544892864725,4.8440293576295087e-05,-0.08399324905491767,1451510.3349244231,0.0003183909019194043,71805984768,42.18058,0.0175,77.612
BBY,Consumer Discretionary,1.1047615831133177,0.024553703933773683,0.014053674073937124,0.00043633959366304445,0.18625383073804236,2799331.5035799523,0.0006172382722975611,18356525056,14.702055,0.0404,131.896
TECH,Health Care,0.9175469378118297,0.02296368742365958,0.017687076995820603,0.0004974303488400655,0.3445315727119771,972068.8146380271,0.0005233995638801167,11686507520,77.42106,0.0044,18.653
BIIB,Health Care,0.8159672609091716,0.02941214742516172,-0.007806044843804387,-0.00013832270048355687,-0.4895663151641171,1325508.6714399364,0.00047248417920678424,20973336576,13.025338,,40.656
BLK,Financials,1.1947068106322698,0.019851424911277137,0.03849402237409424,0.0008554310359621951,1.2871402509800576,708712.9673826571,0.0006623220528164379,166572376064,25.576694,0.0212,32.503
BX,Financials,1.457075959483987,0.026030853893434073,0.049356156393492126,0.0013760527370903167,2.6748617563918953,4167873.110580748,0.0007938308993448761,216281432064,49.060944,0.0186,65.956
BK,Financials,1.0026573856927161,0.01977704635970526,0.028229248404840552,0.0006495609956720087,0.7676817797122477,4869529.753381066,0.0005660599790902141,61670244352,14.815516,0.0248,
BA,Industrials,1.4388420541404907,0.03219028531929583,-0.002287957178368024,1.7619846899843547e-05,-0.4671774134871054,12927809.944311853,0.0007846914106895725,132251615232,,,
BKNG,Consumer Discretionary,1.1360610205623218,0.023504946519584898,0.03787767591605654,0.0009815825879629192,1.4270556109607258,358282.1002386635,0.0006329266751982918,156797599744,32.05169,0.0074,
BWA,Consumer Discretionary,1.01571555218931,0.023531416421486706,0.0037337054361785194,0.00017912921868372666,-0.11664125334112363,2654675.1614956246,0.0005726052014277455,6976529920,7.8960395,0.0138,74.606
BSX,Health Care,0.8727937949786343,0.017660120498231454,0.034499682502713035,0.0007005383914184808,0.9783806901092553,8078877.167859984,0.0005009676803363612,150861234176,84.59504,,53.722
BMY,Health Care,0.4616134808917531,0.014926068551656065,0.0038476043255012337,0.00014869944719192107,0.04850428202789003,12155202.386634845,0.0002948693297588415,119561207808,,0.0421,299.052
AVGO,Information Technology,1.3864773000494068,0.02639482281673199,0.0739585811141732,0.0020433934855553434,7.417725864402744,24828798.249801114,0.0007584443140343337,1037172146176,172.86719,0.0117,166.032
BR,Industrials,0.8411052720230938,0.01627383074181011,0.03605871663020092,0.0006780832924766244,0.9849992434544708,566266.0302307081,0.00048508425379664905,27876265984,37.33856,0.0147,172.353
BRO,Financials,0.8847893442818224,0.017005621745763314,0.04912296991398982,0.0009266364866556636,1.667571486269464,1343935.0835322195,0.00050698028074781,29928366080,30.248556,0.0057,58.92
BLDR,Industrials,1.596193235452701,0.03380826667745785,0.055052024444883295,0.0019524833648363843,4.642266665805945,2056869.291964996,0.0008635614777108707,19251419136,16.335938,,97.541
BG,Consumer Staples,0.7761102953235299,0.021021078983740733,0.02265003908479711,0.000567398101856176,0.5418435157019608,1379698.647573588,0.00045250643566021454,10629804032,9.648923,0.0357,63.434
BXP,Real Estate,1.1028720973580026,0.02489491817299681,-0.0029679770659623637,1.738229507337706e-05,-0.30694596529383367,1285312.8878281624,0.0006162911941319273,12904675328,31.800001,0.053600002,205.408
CHRW,Industrials,0.5961780321759783,0.018649813060569086,0.021986654042534668,0.0005013168289905184,0.5087114474844856,1350892.7605409706,0.0003623179188953897,11760215040,25.774612,0.023,116.88
CDNS,Information Technology,1.2605832999977467,0.023348592395270453,0.05689150201352288,0.0014196063325382952,3.225363592325496,1679454.9721559267,0.0006953417167811711,81626152960,78.115486,,61.911
CZR,Consumer Discretionary,2.130846722196634,0.046902153915818194,0.01161211370377544,0.0006359029854922986,-0.4484960406569434,3848714.2402545745,0.001131549019850744,7659904000,,,599.43
CPT,Real Estate,0.8650049029553923,0.018466530274559148,0.01535964553805279,0.00037490920060479047,0.29051431040150666,847947.4144789181,0.000497063607734098,12130696192,35.870663,0.036199998,71.778
COF,Financials,1.4402651280584888,0.028170065428328436,0.028737336984308873,0.0009008025043537448,0.8797947717975168,3021749.4033412887,0.000785404706480254,77660372992,17.606743,0.0124,
CAH,Health Care,0.7092032162674321,0.01879398402761025,0.046900067890417375,0.0009727089680961819,1.7158169116199633,2473495.942720764,0.0004189702031048111,29872300032,23.027935,0.015800001,
KMX,Consumer Discretionary,1.2316021347067445,0.028327540908328046,0.008739401577434533,0.00033883559696892466,-0.08323097307380378,1756100.3182179793,0.0006808153152009926,13171431424,29.129251,,314.637
CCL,Consumer Discretionary,1.919446805341598,0.0467451250309792,0.009768114033219302,0.00054788155306954,-0.5060930692446746,38915707.08035004,0.0010255877841510172,37406797824,19.215277,,352.355
CAT,Industrials,0.9525291601428743,0.020476153517493625,0.04430657546687054,0.0009984980823638993,1.6913265048335457,3222807.955449483,0.0005409339109170737,179331973120,16.837715,0.0143,195.336
CBOE,Financials,0.5704159827746723,0.017785243407716967,0.028728121860396152,0.0006022064812035416,0.7446068782423589,739431.1058074781,0.0003494050538889588,21390489600,27.837873,0.0123000005,38.137
CBRE,Real Estate,1.2271580760073333,0.02421693240497771,0.03300241921396612,0.0008904871965751965,1.118900540702938,1727629.3556085918,0.0006785877932685471,44293046272,46.99351,,73.116
CDW,Information Technology,1.1438688539494188,0.02067565515430319,0.0154295973867885,0.00041028687600881794,0.27636545683452507,867301.5910898966,0.0006368402418928412,26538192896,24.344742,0.0126,278.653
CE,Materials,1.1845610380231595,0.02483401811284614,-0.005884044817036426,-5.4854634293239806e-05,-0.37262340313943265,1003204.7732696898,0.0006572366269620513,7765524480,7.0756974,0.0394,172.83
COR,Health Care,0.6681536975285622,0.016546866572259428,0.05260115979702112,0.0009616542139772464,1.8193949534945943,1273998.4884645983,0.00039839470905940683,49280135168,33.804523,0.0087,557.753
CNC,Health Care,0.8179228502122954,0.022661475940377304,0.006401424858365068,0.00023633557668181442,-0.024563678596102645,3826167.621320605,0.0004734643908462347,32326504448,11.058722,,64.231
CNP,Utilities,0.9137667230927425,0.02040213956357636,0.017777050137823665,0.000453959699210414,0.3564405228966421,5179817.342879873,0.0005215047844080914,21226747904,21.713333,0.027,188.828
CF,Materials,0.919809646552592,0.02663363740437745,0.031383042728934066,0.0009271144219583553,1.0487226338131368,2593385.043754972,0.0005245337148190887,16046384128,14.613312,0.0217,42.006
CRL,Health Care,1.1670800642489587,0.025125256435057582,0.014561982496900178,0.00045714338570727837,0.19189030409004748,496837.7088305489,0.0006484745346684247,8425200128,20.569286,,72.176
SCHW,Financials,1.056971601528967,0.0244265887902667,0.024700841117509493,0.0006946271300209574,0.6460626980308288,9823406.841686556,0.0005932842160326409,151423926272,27.665552,0.0124,144.242
CHTR,Communication Services,0.8010504851531962,0.022072844936966773,-0.005876262612270741,-3.843599217970611e-05,-0.30024672674810415,1240060.3818615752,0.0004650073551130324,49041612800,9.882437,,533.472
CVX,Energy,0.987690176299106,0.0224181353720034,0.020957032947633517,0.0005610874428854249,0.471531386804952,9927113.603818616,0.0005585578758447762,261828460544,15.332992,0.0417,16.456
CMG,Consumer Discretionary,0.9682365104019915,0.02262810488515373,0.05129026687154229,0.001251871379626626,2.50097313256228,15591738.743038982,0.0005488069993637726,79507120128,54.027775,,124.061
CB,Financials,0.816308012588929,0.01810947597572227,0.033006849698557925,0.0006890065929201518,0.9301788123669472,1860928.0031821798,0.0004726549761947444,108943409152,12.078188,0.0134000005,31.706
CHD,Consumer Staples,0.4042649474683908,0.014404284039465417,0.02627528505203204,0.00046974651037723066,0.5838234577338015,1482034.367541766,0.0002661241837932754,25852188672,44.52321,0.0106,57.536
CI,Health Care,0.8744976981730908,0.021331649546010956,0.01992896624293095,0.0005163875649783269,0.4382398949945332,1825783.6117740653,0.0005018217378529549,80551460864,24.274752,0.0185,80.15
CINF,Financials,1.026204859387704,0.022489272359295535,0.022571074346215074,0.0005988768796837805,0.5438093164503466,756686.7143993636,0.00057786281916436,21422972928,7.042652,0.023599999,6.331
CTAS,Industrials,1.0968304177072712,0.019694282017797986,0.05155799291022248,0.0011066674939153919,2.139485003166178,1812044.9482895783,0.0006132628871627604,80938819584,48.33012,0.0076,70.573
CSCO,Information Technology,0.8994471673365257,0.017193680909798663,0.019521029789656055,0.0004269081985038616,0.41812549943114075,20688859.26809865,0.0005143273084413419,241355243520,26.008583,0.026400002,70.647
C,Financials,1.2920868979810505,0.024672662523099895,0.010195178564383756,0.00034281204135162374,0.048672649355718356,19847189.419252187,0.0007111324522788931,152852250624,13.685715,0.0286,
CFG,Financials,1.3975926838722161,0.029279978236999786,0.019740203561865618,0.0006692625719552123,0.3488591234850118,5343757.517899761,0.000764015743875289,20956631040,15.69967,0.0353,
CLX,Consumer Staples,0.2825438122958848,0.017050067987263405,0.012513347019576258,0.0003046232587018364,0.2206098430319674,1406991.0898965793,0.000205113176383577,19641567232,55.2892,0.0308,1287.5
CME,Financials,0.7352486328348646,0.017653233391561392,0.01912010362919158,0.0004288014931068002,0.40492034844983826,1713667.3031026253,0.0004320251019186634,85232820224,24.870663,0.044,13.621
CMS,Utilities,0.5837032361724845,0.015511316073955892,0.01349259181534904,0.00030055769757459056,0.25394366165837856,2055563.0071599046,0.0003560651028143945,19719809024,18.857143,0.0312,187.096
KO,Consumer Staples,0.6186401139347663,0.013107675038376785,0.016360551393078373,0.0003057186323789752,0.3171322615833345,15325159.029435163,0.0003735767215238769,273459150848,26.340248,0.0306,167.358
CTSH,Information Technology,1.076351904712591,0.019866664672803392,0.017008164324383953,0.00042916533860231493,0.335794738219233,3507701.1137629277,0.0006029983204851055,40960020480,18.276548,0.0145000005,12.891
CL,Consumer Staples,0.49840023616823426,0.013038994494791092,0.024208086609480282,0.0004069189493002806,0.49872674708848397,4429645.505171042,0.00031330817356005434,70834855936,24.700853,0.022,1009.091
CMCSA,Communication Services,0.8419614912839717,0.018053442803056544,0.0009513402961887029,0.00010844480889332688,-0.06641849512844011,20340968.575974543,0.00048551342166134004,128483590144,8.130435,0.0332,117.127
CAG,Consumer Staples,0.33387447893152883,0.015380537687359695,0.0010043159885301657,0.00010671676118144738,-0.015006307463844903,4089723.7867939537,0.0002308419512427144,12357814272,25.135923,0.0512,100.881
COP,Energy,1.088485382286761,0.027799750370503844,0.02728012058297853,0.0008496503835538883,0.7853290580655135,7682399.84089101,0.0006090800555028898,127842541568,11.723606,0.031600002,36.695
ED,Utilities,0.5056256489168771,0.015598010718941182,0.01148266464015313,0.0002703765674089567,0.20574803058616897,2072907.875894988,0.0003169298100993524,32476971008,17.6203,0.0363,120.07
STZ,Consumer Staples,0.7678413454421583,0.017516771451772578,0.01393194332392942,0.0003353125083541617,0.2561544477065878,1176163.5640413684,0.00044836174080695174,32680685568,48.342247,0.0184,149.155
COO,Health Care,0.8954407629586143,0.018666731626359782,0.009715538898762718,0.000272627198498504,0.1319019103155794,1205796.1813842482,0.0005123191545834225,19269740544,49.260204,0.0002,36.711
CPRT,Industrials,1.0480372046396416,0.019288480241838046,0.042518614018727044,0.0009113892876803961,1.487376935414011,4794563.961813843,0.0005888059752238997,55817179136,40.51049,,1.573
GLW,Information Technology,1.1418514887381925,0.02085971808331999,0.02918613087156507,0.000700084303193571,0.8334936114553968,4881519.968178202,0.0006358290659481233,44539285504,89.793106,0.0219,72.739
CPAY,Financials,1.1270042370576705,0.02223992702827006,0.012700699130408454,0.0003737324631381383,0.17317723910831906,608484.5664280031,0.0006283870898195718,26524338176,27.177856,,253.558
CTVA,Materials,0.8859477105154131,0.02120712563950946,0.034109969053193495,0.0008146442405406952,1.0981102967677883,3663431.583134447,0.0005075608955338993,44859613184,67.98958,0.0104,22.883
CSGP,Real Estate,1.0152763809321248,0.022449658820125912,0.012272839064245492,0.00036679089101646593,0.15715524611514398,2411610.3420843277,0.0005723850730105378,31402936320,182.38095,,14.763
COST,Consumer Staples,0.7249540310281487,0.01521456013573578,0.06633622935605561,0.0011005463919855107,2.442519262013739,2259098.727128083,0.00042686507752175563,434967773184,57.47097,0.0047,42.118
CTRA,Energy,0.7228412302266783,0.024915318849943028,0.029188839811416047,0.000818519092031183,0.896417709308071,7740222.116149562,0.00042580606582940625,20414255104,16.8,0.030299999,18.111
CRWD,Information Technology,1.188850676478489,0.03451084188264931,0.05975814152037919,0.002153573614480628,6.065331862082332,4527967.143993636,0.0006593867479185485,98049024000,765.5193,,27.398
CCI,Real Estate,0.8100419816949083,0.018714997367801852,-0.0059041623711192145,-1.922654196472957e-05,-0.2165298559557749,2291138.3452665075,0.00046951421631961915,38800912384,31.659575,0.0701,559.592
CSX,Industrials,1.0069868090834897,0.0184546908557254,0.01898670017572677,0.0004416635233832259,0.4057348386452193,13026373.031026253,0.0005682300416861623,63387160576,18.363129,0.0143,147.913
CMI,Industrials,0.8786459390117143,0.018753173734562003,0.03812630295278023,0.0008062590243998732,1.21186986104976,1110352.108194113,0.0005039009852423568,48871088128,23.31479,0.020399999,72.251
CVS,Health Care,0.6763988207407086,0.01916854332172239,-0.010514650300660252,-0.00011028068853112615,-0.3106411255587832,8177822.513922037,0.00040252746112976183,71074996224,14.335025,0.0471,110.116
DHR,Health Care,0.8306857887621988,0.017658013251583553,0.027668629210147896,0.0005798428625157846,0.7035252096759843,2978192.5035799523,0.0004798616343268687,160172343296,42.185604,0.0047999998,36.69
DRI,Consumer Discretionary,1.2560816925283715,0.02823300860963158,0.02907212005706626,0.0009120632571412359,0.9112814134200002,1556407.398568019,0.0006930853493370098,22871781376,22.313143,0.035,326.282
DVA,Health Care,0.676909902306865,0.022908845527568885,0.0317721710177753,0.0008191335991915566,0.9905646948323297,872799.7613365155,0.0004027836335781665,14452628480,18.96663,,549.552
DAY,Industrials,1.3992549604926199,0.02923867007551846,0.012484830938224613,0.0004563096940212163,0.03527565465754301,1387260.7000795545,0.0007648489366569756,11155697664,208.05882,,48.404
DECK,Consumer Discretionary,1.196206555065024,0.027788824703831632,0.06699805300545153,0.001953066991736354,6.170587095142898,2368108.1941129672,0.0006630737786245299,26944886784,28.839024,,11.633
DE,Industrials,0.9441403237324547,0.02088410903334282,0.04198414153534581,0.0009680712307653002,1.5619592070293487,1652800.6364359586,0.0005367291246269237,129791598592,18.586584,0.0145000005,288.043
DELL,Information Technology,1.170203250098812,0.027973803267649748,0.05418001792105928,0.0016068910036312913,3.641520125593364,5684600.431185362,0.0006500399876586322,72282243072,18.336283,0.0126,
DAL,Industrials,1.2918339350865125,0.030824112975837925,0.01388147972310654,0.0005191541405266806,0.051843387555784215,14898545.902943516,0.0007110056581850723,43408052224,12.621013,0.0098,186.78
DVN,Energy,1.3551551198104999,0.0365442008646932,0.027218361289887673,0.0010859431034552862,0.6599449810727602,10109168.416865554,0.0007427445116299645,22400288768,6.3148146,0.0425,64.021
DXCM,Health Care,1.0002996175181245,0.030971176647383247,0.022387608433980088,0.0007846404167910856,0.4221897759855684,3649282.418456643,0.0005648781809467242,33915365376,52.624245,,130.935
FANG,Energy,1.203974015508554,0.037153517932654215,0.03339860150235103,0.0013321453811130123,1.1621198723999062,2576481.38424821,0.0006669671089488251,47991312384,9.489608,0.0504,33.574
DLR,Real Estate,0.8563051852235645,0.020367110541721575,0.028198085310905587,0.0006655833618619508,0.7795558134691776,1941351.7899761337,0.000492702996553085,55402541056,133.21951,0.0298,79.825
DFS,Financials,1.5653181426446001,0.03142437895532997,0.03384634062597224,0.0011548700753515732,1.2745340271037402,2334310.1034208434,0.0008480857715944225,50536128512,11.348194,0.014199999,105.313
DG,Consumer Staples,0.5118991214613012,0.02127065924753443,-0.018016825946266055,-0.00029195992415532106,-0.48757974300044504,2451286.8735083533,0.0003200742999971006,15627940864,11.726072,0.0297,250.873
DLTR,Consumer Staples,0.7279555440482859,0.025027547800915585,0.0017958869584426744,0.0001362164879673062,-0.20270849204177177,2704897.69291965,0.0004283695437169843,15773111296,,,146.319
D,Utilities,0.6674420543424618,0.017838829905840525,-0.005332617922219708,-3.8578227974728275e-06,-0.18522901948557202,4183355.9268098646,0.00039803800791922525,46696157184,20.512915,0.048,156.351
DPZ,Consumer Discretionary,0.5511424696409551,0.020719474247840368,0.02176639498682782,0.0005422581016677419,0.5163921091728605,641256.4836913286,0.0003397444764473696,15509011456,27.621155,0.0134000005,
DOV,Industrials,1.0694772598397198,0.01857091806882253,0.02748647918650767,0.000601718994242871,0.711842801705777,866461.4956245028,0.0005995525014111759,27943266304,20.206348,0.0104,59.444
DOW,Materials,1.0886338320206332,0.022699992256427878,0.005777231358762292,0.00022241294837733758,-0.046579818617984325,5133345.346062052,0.0006091544638445505,27476086784,24.87261,0.0682,95.059
DHI,Consumer Discretionary,1.1679732243035086,0.025820245283141,0.04110675433519923,0.001152656320998505,1.790629357400678,3179076.849642005,0.0006489222185864966,45525630976,10.042462,0.0108,22.915
DTE,Utilities,0.7761280271398305,0.017253297130904583,0.015664237925505104,0.0003615295925277652,0.30426438429843894,1252435.4972155928,0.00045251532348379727,24827267072,16.243902,0.0364,213.847
DUK,Utilities,0.6409742412743346,0.015534348901542592,0.021314925269124044,0.00042238332721072084,0.46095139342705815,3167855.767700875,0.0003847713887989759,86510256128,20.105923,0.0373,169.205
DD,Materials,1.0864805436097509,0.02146616970289663,0.01675799094824438,0.00045099971884446073,0.3181772378378114,3878958.8703261735,0.0006080751583073046,32098945024,60.000004,0.0198,31.03
EMN,Materials,1.1023128614723023,0.02174653915100536,0.01823289886447749,0.00048777229026252217,0.36854360716129464,1017109.8647573588,0.0006160108850079787,11479680000,12.992177,0.0358,90.817
ETN,Industrials,1.151490365362154,0.02075407457687994,0.05724041221565877,0.001279241625204973,2.810439234611465,2030427.048528242,0.0006406604173177293,129009090560,34.362106,0.0115,52.594
EBAY,Consumer Discretionary,0.8209694501484603,0.02067822543487795,0.029940483013996152,0.0007103858986623878,0.8639505126688063,7095518.695306284,0.00047499145622412756,32322922496,16.997482,0.016,145.0
ECL,Materials,1.0517678984182581,0.01946753400652347,0.015749697663805177,0.00039787761613243184,0.301002337478222,1305425.3778838504,0.0005906759330208584,70844301312,35.08976,0.0104,103.915
EIX,Utilities,0.7868673331427369,0.017801339186606216,0.016265071339349096,0.000380809893075942,0.32146586467484606,2032265.8711217183,0.0004578982496057871,20906100736,15.789474,0.061300002,202.126
EW,Health Care,0.9497922289431886,0.022929066977489417,0.006504003923590296,0.00024040058285569713,-0.042064543693296375,3492829.9920445504,0.0005395620626388991,42731008000,27.972973,,7.353
EA,Communication Services,0.5874555263819125,0.016392883568637853,0.018893925368037724,0.0004009957599826168,0.39740603101063954,2382658.3929992043,0.00035794588551861674,32235974656,31.515385,0.0062,29.954
ELV,Health Care,0.8850799544230389,0.02089880695250882,0.016216596770081533,0.0004301773665944533,0.30425864232679833,1240953.937947494,0.0005071259449946473,91771936768,15.408878,0.0167,61.87
EMR,Industrials,1.0746212541525233,0.020578085716053462,0.028748239570135465,0.0006828535793297288,0.8029923660403926,3046008.1941129672,0.0006021308562276103,74010550272,46.081562,0.0162,30.376
ENPH,Information Technology,1.5967695401239292,0.047309057402658734,0.03619401599403869,0.001803574621564566,1.39229727594992,3965652.1877486077,0.0008638503423235506,8414464512,135.3913,,143.041
ETR,Utilities,0.7689375189662669,0.01834088021652183,0.03002499834989006,0.0006419547395064404,0.812712994193084,2787136.9928400954,0.0004489111823719431,34768400384,19.679613,0.0296,188.807
EOG,Energy,1.0155971041529692,0.029527037216492098,0.028088187091029507,0.0009206307868504625,0.8171016946836736,4116344.0731901354,0.0005725458310151002,70750584832,10.152542,0.031,13.911
EPAM,Information Technology,1.3551054999721068,0.03468950159258637,0.017815125133004615,0.0007092676529433305,0.08492439242070371,516294.9880668258,0.0007427196403837049,14404967424,33.024708,,4.654
EQT,Energy,0.8509581187264572,0.03585157493364716,0.04964591666292547,0.0018711541426603157,3.757748005819173,7002529.196499602,0.0004900228546597908,30502488064,68.159996,0.0123000005,67.324
EFX,Industrials,1.0073763620368228,0.021379871016634047,0.029525615707764265,0.0007225236967885455,0.8614928760419502,852384.7255369929,0.0005684252996262776,34059530240,60.926826,0.0057,108.422
EQIX,Real Estate,0.8854278283863949,0.019405328095069077,0.0282824574265745,0.0006401002069673425,0.7653941337567562,483953.8583929992,0.0005073003119271104,88157405184,82.6094,0.0187,140.964
EQR,Real Estate,0.8890461065318815,0.019117355952444487,0.0075670503836643525,0.00023593183696443432,0.06885396102457553,2039558.631662689,0.0005091139229687078,27622897664,29.801687,0.0382,76.033
ERIE,Financials,0.6436950258732913,0.020574926679268638,0.04513345335274671,0.0010198873347847962,1.7656154099911325,102266.10978520286,0.00038613514382058236,21070215168,37.7294,0.0136,0.406
ESS,Real Estate,0.9119833777067534,0.019577363648137197,0.00985416657415964,0.00028418844374148285,0.1208750223723567,421267.2235481305,0.0005206109076100774,18952333312,33.205368,0.0344,113.371
EL,Consumer Staples,1.0873566439521858,0.024796994558765145,-0.021869799999113287,-0.0004510354703094529,-0.617611774319256,2068325.3778838504,0.0006085142912845659,29949534208,148.98215,0.0168,196.892
EG,Financials,0.8539712899042495,0.020258592449656155,0.020011768203497576,0.0004966800975014864,0.4399866386374538,315263.88225934765,0.0004915331643426115,14935493632,5.4196815,0.023,22.087
EVRG,Utilities,0.7678034228239284,0.017803924457801462,0.011227473777836014,0.0002911629362623805,0.1802008634360035,1796645.107398568,0.0004483427326278172,14757559296,17.343243,0.0416,137.464
ES,Utilities,0.6865224431397606,0.018133555988878305,-0.004846812291968855,3.3798992058404596e-06,-0.18286513033705176,1891752.8241845665,0.0004076017845028244,21134065664,,0.052199997,187.768
EXC,Utilities,0.8623347323273495,0.018215926197128595,0.018432921449091526,0.0004270425779839612,0.38855220760493836,7458613.871121719,0.000495725222253698,40193200128,16.460905,0.038,173.221
EXPE,Consumer Discretionary,1.3313482482100687,0.03162343067416247,0.02611474351151244,0.000917107622279689,0.6866362486868229,2748487.3508353224,0.0007308116520032682,21940748288,22.23017,,255.417
EXPD,Industrials,0.7617034254983006,0.016533346144645546,0.022222999025538887,0.00045869037653119635,0.4984090187793564,1266450.4375497214,0.00044528519474414915,15898474496,22.14035,0.0128999995,23.009
EXR,Real Estate,0.7515770039547435,0.019854781765168212,0.026330869200293153,0.0006140635029288511,0.6854742366425546,1011134.0493237867,0.0004402094683392639,33966393344,40.957447,0.0421,81.828
XOM,Energy,0.8313746778787287,0.021660820599254428,0.030229517003603205,0.0007460659858870016,0.9010922022192387,22399520.60461416,0.000480206930309637,465031004160,13.626275,0.0361,15.394
FFIV,Information Technology,0.9198748879663935,0.01977693204364367,0.028813656202674422,0.0006611155619190452,0.7936914292453847,601043.9140811455,0.0005245664161603572,17245569024,29.57811,,6.895
FDS,Financials,0.9071092544746483,0.018265581787914615,0.03161484238725487,0.0006687333306062748,0.8796381872569783,261931.90135242642,0.0005181678218780202,18041812992,34.007885,0.0088,82.338
FICO,Information Technology,1.3128731305980483,0.026107532791485078,0.05997909285957521,0.0016571759749047295,4.258670097675852,220550.2784407319,0.0007215512590902005,45795053568,91.75123,,
FAST,Industrials,0.8958718989890947,0.017286566668546867,0.03978715342287562,0.0007790531214660834,1.2062444101739747,3436336.754176611,0.0005125352554562326,41989955584,36.62,0.0209,14.644
FRT,Real Estate,1.0182637002109196,0.023399202789360456,0.010344407549886962,0.00033332073126543765,0.0820918280328522,626859.6658711217,0.0005738824247925055,9297924096,31.578487,0.0405,135.474
FDX,Industrials,1.015394132857172,0.023510294376847186,0.031045955079804614,0.000821169384406422,0.9744724958351756,2443705.568814638,0.0005724440945071857,63794204672,16.9246,0.02,
FIS,Financials,1.0634481167295853,0.022575101406330792,-0.008343148434244753,-9.707758068130399e-05,-0.3644027736660578,4227949.08512331,0.0005965304782066992,43859701760,83.98969,0.0196,66.387
FITB,Financials,1.4029643634679678,0.027968775837517446,0.025415109100489348,0.0008020993305874774,0.6719405584400642,5692282.736674622,0.0007667082227381789,29681231872,14.1114645,0.0334,
FSLR,Information Technology,0.9634261948037417,0.033544901603877096,0.040757834929101636,0.0014584874035536207,2.110936444839539,2248756.4836913287,0.0005463958963109471,17934356480,14.428942,,9.141
FE,Utilities,0.744644868419325,0.01861858714227597,0.005847234001762952,0.00020013707707294384,0.02844166966135142,4053351.9490851234,0.0004367348328791439,22937415680,25.67742,0.0427,173.13
FI,Financials,1.0306636416180393,0.018994775769577515,0.029054477035479094,0.0006431531176611059,0.7855783437199522,3665585.202863962,0.0005800977210596445,122909253632,41.706562,,89.406
FMC,Materials,0.9881326152754407,0.024167539942382108,-0.011739748067767947,-0.0001924509890714438,-0.4570686543638087,1119177.645186953,0.0005587796421602582,6963352064,4.575882,0.0416,90.927
F,Consumer Discretionary,1.2219502832869125,0.02804438203544099,0.018400987175500923,0.0006073141554488394,0.30883971723315007,68136072.55369928,0.000675977460397403,40060841984,11.454545,0.059499998,359.359
FTNT,Information Technology,1.1960639788911043,0.028708366018357932,0.05198154187274896,0.0015835749715513176,3.3367064952626704,6180348.050914877,0.0006630023143222036,77319774208,50.693466,,118.588
FTV,Industrials,1.009910800392937,0.01876584218424084,0.01157577724284165,0.0003084990501689342,0.18051675768113906,2321249.6801909306,0.000569695651213988,28217362432,32.532,0.0039,38.261
FOXA,Communication Services,0.7943013097779421,0.021203994176673645,0.019317851205755646,0.0005008854457425319,0.41456434885149274,3632862.0525059667,0.00046162442586047974,22767935488,12.513447,0.0106,70.271
FOX,Communication Services,0.8150423928777905,0.020543838968380097,0.01783699422515815,0.00045771017831141604,0.3632824605814233,1263829.0373906125,0.000472020602111191,22767980544,11.88264,0.0111,70.271
BEN,Financials,1.1724590432485376,0.0240933390842507,0.00811002066554362,0.0002866673191450642,-0.005050884423791091,3544031.105807478,0.0006511706722548415,11684851712,34.75,0.0635,25.715
FCX,Materials,1.5046681593303068,0.032298979494108426,0.04074684853568173,0.0014073514665733674,2.053742336477036,17453284.884645984,0.0008176858202947386,51513942016,27.576923,0.0153,33.531
GRMN,Consumer Discretionary,0.9205770504485401,0.018850729375015352,0.040933763278276296,0.000862901135129569,1.3739768563386914,874256.1654733493,0.0005249183652309959,41448595456,27.392132,0.0139,1.908
IT,Information Technology,1.056120037940617,0.02152567190030311,0.048407641018994384,0.0011332768393123689,2.1110614784304333,505791.9649960223,0.0005928573817583383,41870815232,40.150146,,282.147
GE,Industrials,1.136126516395422,0.024827550831278154,0.042800818060812984,0.0011539093272949638,1.8902456653275261,11389508.328560064,0.0006329595040636563,218571079680,33.42693,0.0058999998,110.224
GEN,Information Technology,0.5994265064525802,0.020406629481275616,0.03340426822983227,0.000772938366129175,1.0344432323925767,5146291.089896579,0.00036394617094774763,16584659968,26.382353,0.0179,409.342
GNRC,Industrials,1.4290724167740034,0.03325245133063286,0.024092225232739073,0.0008923953882681422,0.5169101289353439,1045074.7812251393,0.0007797945173364825,8884731904,31.175365,,65.432
GD,Industrials,0.7565742903438757,0.015774146160482786,0.027858484808817457,0.0005307136524537172,0.6649583331272706,1256929.753381066,0.0004427142878719082,69472231424,18.867842,0.0216,48.609
GIS,Consumer Staples,0.2958846924949553,0.01410630039487102,0.020768587291475453,0.0003842377723804947,0.4296622248011468,3893505.091487669,0.0002118001049890641,33151031296,13.073914,0.0364,139.823
GM,Consumer Discretionary,1.2618663099494656,0.02718445768475798,0.021931521282869963,0.0006874663535463889,0.49056613370375723,16230194.192521878,0.0006959848074782806,49212796928,7.764521,0.0087,174.581
GPC,Consumer Discretionary,0.9503042067364733,0.020762043949655626,0.014905147746666108,0.0004007311738622335,0.25847189855864094,899514.1607000795,0.0005398186843085493,16162934784,14.96139,0.0344,127.177
GILD,Health Care,0.45779951711029443,0.016525259209321467,0.029091106280352615,0.0005720079132385879,0.7301195496098674,8481617.024661893,0.0002929576340438688,121137438720,1079.9999,0.0317,126.415
GPN,Financials,1.2753898897310638,0.0242900203978427,-0.0073179145719660535,-8.64824529528845e-05,-0.38120310795846535,2084307.6372315036,0.0007027633116804588,28719761408,21.292452,0.0089,74.476
GL,Financials,0.9952399052157243,0.026122735960826007,0.014597565236142957,0.0004725981836045365,0.08560120086622525,704011.2967382657,0.0005623420713028633,10248857600,10.337849,0.007900001,67.544
GDDY,Information Technology,1.0563892818994436,0.022775137419789045,0.04473103118914606,0.0011100252235315125,1.9091307475293493,1402266.507557677,0.0005929923365066956,29854146560,17.066612,,1107.373
GS,Financials,1.1422025411133456,0.02086854008648082,0.04485877029902017,0.001027406887485179,1.7663735105272291,2699557.5178997614,0.0006360050260148061,198812172288,15.796744,0.021,609.793
HAL,Energy,1.4022574401841865,0.03488700466424284,0.019255859001744886,0.0007630490840777176,0.18393207259920197,11351605.887032617,0.0007663538873826653,22858622976,9.194346,0.023,83.993
HIG,Financials,0.9611436092392106,0.023039680630018267,0.031717078867296813,0.0008220212088894614,1.0139960707899047,2060213.9220365952,0.0005452517823935612,32081780736,10.777778,0.0182,25.629
HAS,Consumer Discretionary,0.962456086216018,0.023275877979739807,-0.007439474811201942,-8.1890466669043e-05,-0.3578504708731238,1351542.4821002386,0.0005459096430226423,8068737536,,0.0484,305.016
HCA,Health Care,1.0233301311271106,0.02400756621003794,0.03300887532938262,0.0008837326012588823,1.1087681975533346,1563450.198886237,0.0005764219020470544,83565207552,14.99591,0.0081,5711.069
DOC,Real Estate,1.03251156748526,0.021785796449663615,-0.0032088114969740654,2.1363327151423876e-05,-0.24046408569458233,4329432.378679396,0.0005810239679157703,14450492416,42.163265,0.0581,96.594
HSIC,Health Care,0.759822292888274,0.018886374236335123,0.005877297645936227,0.00020227068410932428,0.03054224282593121,1111875.6563245824,0.0004443423034751324,9933440000,32.786884,,60.189
HSY,Consumer Staples,0.5517502149668778,0.01533545511231289,0.015639206500692122,0.00033110419055339726,0.30560623877639626,1197121.4797136039,0.0003400491002461087,30201485312,17.155172,0.0367,134.227
HES,Energy,1.1474236508354878,0.030611596791463556,0.03161705759512863,0.0010591184601043994,1.0793114216462252,2335905.171042164,0.0006386220338458046,42837647360,15.482183,0.0138,81.969
HPE,Information Technology,1.1121202502839627,0.02411298574387777,0.023000306900523616,0.0006458759136669807,0.5608236398271902,12073757.358790772,0.0006209267007421155,27871844352,10.979275,0.024,53.696
HLT,Consumer Discretionary,0.982642801599356,0.021338433138037263,0.03670364376290333,0.0008744680896268924,1.2532472088490114,2248887.509944312,0.0005560279502507572,62424748032,54.599148,0.0023,
HOLX,Health Care,0.744257270380308,0.0185932300128523,0.01855787949831253,0.0004363207633327622,0.38793925612890057,1883803.4208432776,0.0004365405548123403,16283657216,21.728916,,49.407
HD,Consumer Discretionary,1.0011847775882727,0.01819006556112555,0.03455156156097824,0.0007197650113033009,0.9998862208781867,3972927.2076372313,0.0005653218549851075,409245712384,27.93085,0.0218,1095.368
HON,Industrials,0.9398002317978509,0.017119979845493807,0.018537217736538426,0.00040862663531090944,0.38999189898393327,3062989.180588703,0.0005345537145733975,145473257472,25.83372,0.0202,177.821
HRL,Consumer Staples,0.32888296586341653,0.01531516943274134,-0.010015054591539034,-6.211241667773315e-05,-0.20128831812618597,2251547.9713603817,0.0002283400255060491,16459409408,20.394558,0.0365,36.305
HST,Real Estate,1.1627963586708512,0.026348246975082076,0.01274581520573696,0.00042709972820935524,0.11471612281325916,8202839.299920445,0.0006463273874832091,11839519744,16.2233,0.0479,81.953
HWM,Industrials,1.3252023749713537,0.028099833797227254,0.04648847289764053,0.0013975882031804438,2.5366852350581213,3060173.5879077166,0.0007277311194632545,51424518144,48.87259,0.0032,78.925
HPQ,Information Technology,1.1415721099931566,0.024250377825870927,0.028536575086151632,0.0007832925689653536,0.8475443534373739,9600675.656324582,0.0006356890312806899,30478436352,11.565837,0.028199999,
HUBB,Industrials,1.0431830860603701,0.02028302738082464,0.05018295389486086,0.0011091320691699648,2.1078651329483953,377093.3874303898,0.0005863729165427778,22703159296,30.498198,0.0125,64.783
HUM,Health Care,0.7746497794830322,0.022838240005900887,-0.003611288595809645,8.794365588167797e-06,-0.27485530892612,1191418.217979316,0.0004517743726323738,35308118016,25.564953,0.0121,75.908
HBAN,Financials,1.172238903710459,0.025996427081975127,0.01956979324233914,0.0006000145443036403,0.3900777492283163,14140817.501988862,0.0006510603304068967,25002608640,14.098361,0.0368,
HII,Industrials,0.7141906441472308,0.019994254112918018,-0.001924717332844986,5.27865538214008e-05,-0.175688782015763,351555.2108194113,0.0004214700811982785,7718645248,11.150932,0.0274,67.095
IBM,Information Technology,0.7856255567628037,0.016813360048737475,0.03921188028440159,0.0007505533026794756,1.1467310484033484,5012599.22354813,0.00045727582665672467,236431720448,39.82866,0.0292,245.112
IEX,Industrials,0.8548689443727882,0.016536531741573105,0.014577723822810274,0.0003323348339856298,0.2775060125310107,447232.29912490054,0.0004919831010224966,16985492480,34.722908,0.0123000005,55.059
IDXX,Health Care,1.0345312136375515,0.021834239600290687,0.02289279766422063,0.0005911166705914095,0.5574296925154087,492866.507557677,0.0005820362871501233,34559438848,40.81721,,61.696
ITW,Industrials,0.9315446841866564,0.01652006516370496,0.024329640355469674,0.0004931970853517062,0.5665200657887599,1104113.444709626,0.0005304157374196035,76529950720,22.418684,0.0232,246.05
INCY,Health Care,0.6137031391016682,0.019881454417402945,-0.0038195263619465944,1.5332102008731145e-05,-0.20414101201072743,1725267.5417661099,0.000371102132310617,14286924800,824.0,,1.151
IR,Industrials,1.0995889047255332,0.021593503157360427,0.03990099091424962,0.0009528720145585,1.4645318300440917,2651203.261734288,0.0006146455399918867,37802528768,45.7561,0.00090000004,47.256
PODD,Health Care,0.9368802008640107,0.0281548291148491,0.023163873330320994,0.0007434447365230394,0.5512751294327627,630802.1479713604,0.0005330900901281557,19526909952,47.424194,,128.909
INTC,Information Technology,1.2693098858586789,0.027383559686780305,-0.018304549759296625,-0.00040997388960349796,-0.6306819054182923,40554417.42243437,0.0006997157952340886,84131897344,,0.0224,47.906
ICE,Financials,0.8195458921476009,0.015808041021689374,0.029528616884447263,0.0005580594282929331,0.720904905401855,2721750.5171042164,0.0004742779177937187,91770716160,38.054764,0.0113,78.899
IFF,Materials,0.9073595608300604,0.021294061791366583,-0.0039564141696354135,7.021713469386468e-06,-0.24452551036449732,1765442.4821002386,0.0005182932844189594,22267344896,,0.0184,66.117
IP,Materials,0.9439156756747766,0.021597457331644004,0.023020060422276035,0.0005884446140118148,0.5649549113778043,3547475.9156722357,0.0005366165229469266,19326308352,35.43312,0.0319,69.707
IPG,Communication Services,1.1366742537547587,0.022873099459447356,0.021455983878127034,0.0005820346945145399,0.493847833433402,4044633.1742243436,0.0006332340497129529,10683761664,13.523585,0.046,111.806
INTU,Information Technology,1.3649809380025202,0.023700705823045783,0.03802468545414886,0.0009924817252324714,1.4460029860668402,1483268.337311058,0.00074766956483186,168372879360,58.455784,0.0061000003,
ISRG,Health Care,1.2111380882006113,0.022395574832924172,0.04172177664077423,0.0010256530121908482,1.6468875197894683,1814680.429594272,0.0006705579996472996,203965005824,89.21685,,
IVZ,Financials,1.541217779685402,0.029174050763322416,0.016964291972518083,0.0005861869564399068,0.21827085785530165,4926164.280031822,0.0008360058035511063,8615040000,16.29661,0.0462,5.597
INVH,Real Estate,0.9628689958572214,0.01913177160347053,0.013882389983298875,0.0003568645557406224,0.23778103687504637,3679618.3770883055,0.0005461166081741199,19082676224,43.263885,0.0372,90.848
IQV,Health Care,1.181785395010908,0.02154424204320178,0.015147666972896344,0.00041761484492373375,0.262387266320836,1110421.877486078,0.0006558453749321787,36546838528,26.45992,,200.258
IRM,Real Estate,0.8982958439335585,0.020669851735086908,0.0633424511821681,0.001400548915742236,3.43360901097926,2080968.5759745426,0.0005137502237750689,29806731264,282.1389,0.028199999,
JBHT,Industrials,0.8959401276378224,0.019794140460699088,0.022008481704144284,0.0005269088194483993,0.5142628877198745,762596.3404932378,0.0005125694541070025,17217028096,30.794964,0.0092,47.555
JBL,Information Technology,1.3160839832092734,0.025683549226638624,0.04835930000832882,0.00133330830359954,2.518018847246343,1247992.999204455,0.0007231606538118096,17789579264,15.365186,0.0022,207.887
JKHY,Financials,0.7022118504737198,0.017208865050971377,0.01454547077709549,0.0003415808849757253,0.2729583456618121,534200.954653938,0.0004154658793105943,12701484032,31.826326,0.0126,10.28
J,Industrials,0.92030116846909,0.018255580174740063,0.03100730239140861,0.0006573261360786105,0.8505241249777913,822475.5791567224,0.0005247800832681422,17378502656,29.254698,0.0083,47.856
JNJ,Health Care,0.482821830468589,0.01238494521634713,0.006548413009645619,0.00017237157764831709,0.1280913840087592,8159925.298329355,0.0003054997167606223,366319370240,26.232758,0.0335,50.958
JCI,Industrials,0.9799671034926547,0.019242327138606397,0.036551088080395894,0.0007945978353848359,1.145865794614937,4577996.738265712,0.0005546867941994049,51490840576,37.5,0.019,54.68
JPM,Financials,1.080653274909323,0.020497953814036195,0.0318949235563779,0.0007450505112306906,0.9599584631986426,13130403.182179794,0.0006051543218120135,747798462464,13.534177,0.0202,
JNPR,Information Technology,0.7730319263008234,0.01797192917304807,0.028497941150350436,0.0006034328212016313,0.747330305436829,3730435.163086714,0.00045096344647441736,11541762048,45.868423,0.0252,39.109
K,Consumer Staples,0.2931594778647571,0.014875076662297572,0.023666026693212244,0.0004433038026233541,0.520234971676163,2621936.440731901,0.00021043412947659124,28172167168,27.33445,0.0279,173.603
KDP,Consumer Staples,0.504028802586772,0.015011281981897,0.012746197929178747,0.00028260661258181505,0.23935443211406993,7195035.799522673,0.00031612941333062256,43542044672,19.337349,0.0287,67.319
KEY,Financials,1.4549860768944716,0.03124404051327427,0.014889885023208177,0.0005564900121729534,0.0805397418010807,12193086.555290373,0.0007927833750840021,19900084224,,0.0448,
KEYS,Information Technology,1.0603342446574382,0.020762668124094566,0.02272606794847716,0.0005631236478496952,0.5468854438273301,1234455.6881463802,0.0005949696936166001,30837966848,50.811966,,38.929
KMB,Consumer Staples,0.4230791885584916,0.01348858151376164,0.00783496375932378,0.0001969523885948484,0.14246408242524544,1911563.723150358,0.00027555455758110765,43124047872,17.21457,0.037100002,517.798
KIM,Real Estate,1.1361200847326203,0.026471395038674125,0.02119717552517136,0.000652388648300767,0.4692905297298797,4944941.1296738265,0.0006329562802831164,15133119488,41.574074,0.044499997,78.638
KMI,Energy,0.8814325510802544,0.020216014832383007,0.02864006298862775,0.0006702577794483234,0.7868213993254072,15059132.458233891,0.0005052977353574515,61050662912,23.48718,0.0374,101.433
KKR,Financials,1.4098645573783468,0.02519232359903827,0.06188130563267425,0.0016502037174991606,4.337538466055948,3429163.245823389,0.0007701668479078987,154171867136,51.885094,0.0042,83.045
KLAC,Information Technology,1.6070121393248702,0.02915591964372811,0.047143135838819086,0.0014657713215398094,2.697402350293927,1216277.645186953,0.0008689843011455541,98746982400,31.057634,0.0092,191.76
KHC,Consumer Staples,0.6265876523655615,0.01705835429145383,0.011879676477422371,0.0002939175714895623,0.20589375920904618,7332416.30867144,0.0003775603134071018,36081635328,26.882883,0.053600002,41.451
KR,Consumer Staples,0.25948300518968986,0.017876632539355272,0.04240253100901755,0.0008492843068566654,1.3791256625438915,7059165.314240254,0.00019355427109374627,44603072512,16.306879,0.0214,229.201
LHX,Industrials,0.6849879428802587,0.017623043476547716,0.009423686297761328,0.00025734387460463616,0.13651057824203994,1190616.706443914,0.00040683263782529815,40211513344,26.939009,0.0219,67.726
LH,Health Care,0.886415142398373,0.01960011769614997,0.025514127035209545,0.0005913497340744703,0.6467096854379983,824213.6276849642,0.0005077951891923867,20893095936,47.40038,0.0115,95.001
LRCX,Information Technology,1.6995871851247009,0.031249577508636026,0.04387935834961106,0.0014624812510452276,2.4049815188421575,14406564.359586317,0.0009153862410982338,104146010112,24.63526,0.012200001,58.827
LW,Consumer Staples,0.9242156872292567,0.025674961910527604,0.004038873099205566,0.00019496775425339874,-0.17106292191740657,1609697.4542561655,0.0005267421807522272,8549900800,23.598425,0.0184,221.158
LVS,Consumer Discretionary,1.0981433031249612,0.02836751373224948,0.0028433485907079195,0.00017192857146232037,-0.2511190924921126,6373091.885441528,0.0006139209525170906,33227941888,23.382654,0.0184,384.206
LDOS,Industrials,0.7579990901515302,0.018903571186876845,0.02337581119879345,0.0005331561523172262,0.5563521887078411,897266.0302307081,0.00044342844874051127,18951489536,16.158134,0.0113,110.135
LEN,Consumer Discretionary,1.2389419425563883,0.02754033500847312,0.03815721503397415,0.0011421323262958364,1.6082164738473788,2631668.7605409706,0.0006844942906760876,34672431104,9.171209,0.0137,14.665
LII,Industrials,0.8893765804091424,0.02001443888254465,0.044527088903223225,0.0009824545407410346,1.6704013958426183,306855.84725536994,0.000509279568352689,21087899648,26.318079,0.0069,188.727
LLY,Health Care,0.6565584730782826,0.020521758947598386,0.07674397665352672,0.001666191230833635,5.244899597681448,3296537.629276054,0.0003925827658512653,729417187328,87.684326,0.0074,218.081
LIN,Materials,0.9159052132276269,0.016346294467502062,0.039442062295915,0.0007360014059644283,1.131034352284042,1913161.5751789976,0.0005225766725175811,212423606272,33.899696,0.0125,54.828
LYV,Communication Services,1.2370011374300893,0.029044627203258976,0.027824318088176404,0.0008994167873258204,0.8223674449731639,2400516.7859984087,0.0006835214893973812,33363062784,160.75555,,419.155
LKQ,Consumer Discretionary,1.1691354590482284,0.02431848552158264,0.011290675296882213,0.0003658419650059621,0.0893905860080888,1858695.1471758154,0.000649504772409392,9719904256,13.797048,0.0321,92.384
LMT,Industrials,0.5833156656231856,0.016429722715367256,0.01842506543724612,0.00039398855741629195,0.38345714139973563,1386945.6642800318,0.00035587083852642553,108971950080,20.750786,0.026199998,268.347
L,Financials,1.0502964542700675,0.020062475818429557,0.02493716870397623,0.0005915711853734627,0.6295554883602559,885682.1797931583,0.0005899383923324563,18506504192,11.363031,0.0029,52.247
LOW,Consumer Discretionary,1.0669655884720515,0.02055617276191462,0.03733233905063062,0.0008586798524009759,1.2405594553524173,3597753.2219570405,0.0005982935614562833,146831589376,21.651957,0.016900001,
LULU,Consumer Discretionary,1.1691174139338407,0.026094388348081372,0.024847076119957196,0.0007396390948583432,0.6453174141274738,1681577.0883054892,0.0006494957275495485,50442936320,29.949387,,36.186
LYB,Materials,1.1690862025322322,0.025007729126372932,0.010797451332117436,0.0003612895794386287,0.05615817516954191,2125232.45823389,0.0006494800832733749,24526798848,11.487101,0.0708,92.277
MTB,Financials,1.1081578247299657,0.02572933571438458,0.017344320390433977,0.0005375276833331628,0.30145656088515493,1121212.2513922036,0.00061894059065127,33389940736,13.755298,0.0269,
MPC,Energy,1.2088903350585967,0.02969823776806843,0.03740839303529895,0.0012022331921535045,1.5834292245663053,5367663.564041369,0.0006694313449919,46829592576,11.29535,0.025,114.328
MKTX,Financials,0.8279301702045682,0.023791858143300336,-0.007916396543234632,-9.707594229291026e-05,-0.38087104390299376,334311.137629276,0.00047848041927329863,8318722048,29.855211,0.0134000005,5.424
MAR,Consumer Discretionary,1.0874402972195605,0.0249846144624773,0.02934443847839149,0.0008244293232703367,0.9077256029015082,2361967.54176611,0.0006085562213085376,80752926720,30.396442,0.0087,
MMC,Financials,0.794712642396129,0.014723734774016499,0.039738564984684664,0.0006763699324043573,1.0399109794471588,1828409.6260938742,0.0004618306005513458,106514538496,26.513447,0.0149,106.462
MLM,Materials,1.0779938386800987,0.021983859303269328,0.031023424898424874,0.0007732844493423562,0.9488199543922078,461851.2330946698,0.0006038213167980784,33255579648,16.89289,0.0058,48.348
MAS,Industrials,0.9893709403226605,0.019682815064450673,0.025006699998668877,0.0005834720927158397,0.6328998358827045,2085259.506762132,0.0005594003351773293,17104579584,21.085106,0.0146,2238.028
MA,Financials,1.1359992626837043,0.01952197761919369,0.028593610987600295,0.000649473675021705,0.7813812432567104,3458918.61575179,0.0006328957199300502,507697987584,39.98776,0.0055,244.839
MTCH,Communication Services,1.1969087045935793,0.03112612520887573,-0.011492381144323358,-0.0002664434531764901,-0.6104050344573935,3828057.2792362766,0.0006634257212023632,8963949568,16.008968,0.021300001,
MKC,Consumer Staples,0.5672109671774748,0.016617817051452082,0.0022145968606747243,0.00012807160674325395,-0.01246834134142738,1501478.6793953858,0.00034779858488855314,20706445312,26.448631,0.024600001,84.828
MCD,Consumer Discretionary,0.7245712249659246,0.014761571826111356,0.027187154377753646,0.0004925949733646295,0.6193146555659172,3139763.9618138424,0.0004266732013659366,206888206336,25.324564,0.024500001,
MCK,Health Care,0.6845293118493602,0.018263541106322757,0.06736740388118928,0.001321637191280189,3.266176627077919,1209002.5457438345,0.0004066027554701524,75497562112,30.768236,0.0047999998,
MDT,Health Care,0.8035271520938245,0.016766526806817603,-0.007582377261254179,-3.586029034038116e-05,-0.1990994299019483,5804001.431980907,0.0004662487495910898,116457578496,27.7737,0.032,57.859
MRK,Health Care,0.48688173062320816,0.014824734582447782,0.015586175449853015,0.00032233075546937587,0.3053740673298313,10259651.354813047,0.0003075346846243796,249979011072,20.67364,0.0328,85.572
META,Communication Services,1.307966358812852,0.028293966388509412,0.04037399069962524,0.0012336101770950294,1.8291473371737252,23155408.353221957,0.0007190918087299977,1746147737600,28.896435,0.003,29.811
MET,Financials,1.170680166712053,0.022146451716858737,0.029664589828705165,0.000748235247611679,0.8770080078301203,4732746.1416070005,0.0006502790354048024,59901251584,17.547668,0.0252,151.463
MTD,Health Care,0.9928639474577783,0.020650310782122566,0.021887418035175625,0.0005432518259144524,0.5153156878304892,127171.51949085123,0.0005611511558864918,28793366528,36.767445,,
MGM,Consumer Discretionary,1.6299854388679351,0.034787659396132965,0.015630350521109476,0.0006350131514403671,0.02907029300685826,8047472.553699284,0.0008804993444998635,10266075136,12.358423,,841.031
MCHP,Information Technology,1.5635158276194776,0.02798354731676897,0.01484833728075709,0.000506778990141252,0.15407669332596718,5167707.875894988,0.0008471823865315366,29159641088,37.708332,0.0335,102.895
MU,Information Technology,1.4402632638935304,0.029706249606043733,0.02396050135782139,0.0008030464752912332,0.573376450413833,19774798.568019092,0.0007854037720937819,101656870912,26.143267,0.0044,31.194
MSFT,Information Technology,1.1740299164239314,0.019217478721454986,0.04701856347063822,0.000994848084280212,1.7652674094701988,28649945.505171042,0.0006519580503449966,3085547601920,33.44561,0.0075,33.657
MAA,Real Estate,0.8706436939485968,0.01816092556579483,0.018711124575730004,0.0004310811819419882,0.39403254070325633,684191.0898965792,0.0004998899724289439,18302885888,34.364864,0.0397,79.953
MRNA,Health Care,0.6047397060586792,0.047067857749744264,0.0333580863992873,0.0016613635067151747,1.0478420179689505,9406940.095465394,0.00036660933753814706,15169524736,,,11.361
MHK,Consumer Discretionary,1.2731795855675636,0.030528972583523908,0.008947847550240588,0.0003644384338126877,-0.12055785429197186,697660.8591885441,0.0007016554277989466,7719735296,13.819209,,32.986
MOH,Health Care,0.7846166641076072,0.02341436818334849,0.03405036259450505,0.0008885375678341,1.1697534338855191,466970.5648369133,0.0004567701333999657,17755451392,15.7969475,,53.019
TAP,Consumer Staples,0.6936282016024039,0.019739597910918276,0.012311505334697333,0.00033429400625489196,0.19036583504388238,1906289.1010342084,0.0004111634460137974,11285508096,12.331081,0.0321,48.838
MDLZ,Consumer Staples,0.6584844902598711,0.013894287674392077,0.011911200111171827,0.0002567674821617135,0.22300425261925882,6943460.938743039,0.00039354815488062793,77543653376,20.563831,0.0324,73.232
MPWR,Information Technology,1.752745120592938,0.03383769538441604,0.0435124988785293,0.0015636325237362604,2.470929007831438,507108.5123309467,0.000942030908765361,31090909184,71.93793,0.0078,0.693
MNST,Consumer Staples,0.8090938184689414,0.016890024191699975,0.02663016196112881,0.0005410539210221954,0.6492935054989428,5239069.212410501,0.00046903896283530776,47371448320,31.22436,,13.985
MCO,Financials,1.1711120412196825,0.01994351727054637,0.03392646922201331,0.0007678829661277236,1.0439005826908314,779911.6149562451,0.0006504955064288993,90514014208,45.652653,0.0068,197.861
MS,Financials,1.2644443849140428,0.022506883222059414,0.044054846818999585,0.0010828071339907806,1.8401587248722624,9376889.657915672,0.000697277031302382,222457004032,17.412579,0.028299998,405.772
MOS,Materials,1.153574726831029,0.03251854458568393,0.018509740089163333,0.0006931796496287203,0.219996604579203,5063157.120127287,0.0006417051741945182,8859118592,24.681416,0.031600002,35.767
MSI,Information Technology,0.9111341717993815,0.01760559215009241,0.05433118860372912,0.0010478025888568448,2.067100947866772,839595.0676213206,0.0005201852550902122,78421524480,51.284157,0.0093,490.007
MSCI,Financials,1.1946082898416006,0.02288611930396822,0.037368878715947476,0.0009464984578185339,1.3621373417381797,480512.8878281623,0.0006622726706554762,46769639424,42.56562,0.010199999,
NDAQ,Financials,0.9304864836659039,0.017560351049926298,0.04165674523576722,0.0008227769112072585,1.314799411087907,2609249.9602227528,0.0005298853292885826,47297413120,42.637825,0.0117999995,93.096
NTAP,Information Technology,1.0571378745696867,0.022736951729667713,0.03367182525997046,0.0008568645068555955,1.1232592601698137,1965279.7136038186,0.0005933675580562345,24823662592,22.486189,0.0164,285.038
NFLX,Communication Services,1.0239070271928186,0.028686909287715397,0.039561981422316775,0.0012261808135741244,1.7301476587768132,6342354.892601432,0.0005767110630879013,417815920640,49.256683,,81.461
NEM,Materials,0.45138129560104784,0.02316439141783606,0.007748310374145088,0.00027075473560341786,0.0032698519484850586,8562018.854415275,0.00028974059076290715,48634589184,,0.0234,30.436
NWSA,Communication Services,1.0135758886992587,0.021234092197461342,0.03247050013221411,0.0007807514347749564,1.0088414526384963,2796012.569610183,0.0005715327251904777,16623475712,45.35484,0.0070999996,44.272
NWS,Communication Services,1.023634028556932,0.021545307417434243,0.03503475827427854,0.0008461044785846703,1.1603980207379343,753322.1957040572,0.0005765742263604644,16623466496,51.048386,0.0063,44.272
NEE,Utilities,0.8020055248127349,0.019158794349703558,0.017406904726505093,0.0004247651491898352,0.35297398599704644,9330935.4017502,0.00046548605531297787,147155976192,21.23442,0.0298,139.015
NKE,Consumer Discretionary,1.0248294091160322,0.021919400775429962,-0.002437469169732989,3.784197766070935e-05,-0.22632778204805126,8144507.0803500395,0.0005771733940567342,113745100800,23.734568,0.0208,86.962
NI,Utilities,0.7307588224478044,0.017052488609677802,0.025390699397797284,0.0005242444535425325,0.6074838920529448,4022035.163086714,0.00042977464759612647,17410856960,22.743902,0.03,131.811
NDSN,Industrials,1.0892392705799192,0.019709476408336157,0.016622588944211772,0.0004188923659112526,0.32379232245278855,250748.52824184566,0.0006094579314089498,12571875328,27.187653,0.0125,56.526
NSC,Industrials,1.0202074099217602,0.019708639277936767,0.016218971068010016,0.0004109236915085435,0.3138090491747654,1333537.23150358,0.0005748566819533702,57779748864,22.065687,0.0214,128.64
NTRS,Financials,1.1343766614576916,0.022244596119163944,0.01105566560536433,0.00033719865748970296,0.11975452495149952,1135690.4534606205,0.0006320824138819021,22005471232,11.493346,0.0274,
NOC,Industrials,0.5516475123435666,0.017325853181005203,0.01959320391526806,0.00043073881565127196,0.4234410489880409,887135.4813046937,0.0003399976220003385,70535258112,17.181593,0.0171,122.722
NCLH,Consumer Discretionary,1.9467319984339724,0.04967112709347182,0.009952744788138212,0.0005856338925703437,-0.5622981608270611,19837685.99840891,0.0010392641035147387,12465722368,24.868422,,1240.664
NRG,Utilities,0.9598464865572881,0.02368359743565131,0.042826180646807106,0.0011055478634153018,1.8098826998199256,3148885.6801909306,0.0005446016178888849,20750862336,25.356436,0.0172,433.016
NUE,Materials,1.1403657478031186,0.026080774969046323,0.03515269159445068,0.0010080792803009958,1.3129445450218764,2282352.903739061,0.0006350843591963319,30157031424,15.18085,0.018,32.901
NVDA,Information Technology,1.7573206838880189,0.03394585752753821,0.08777377607837997,0.003070825938680569,22.01969984548546,447037221.1614956,0.0009443243455272191,2940514336768,47.4585,0.00029999999,17.221
NVR,Consumer Discretionary,1.083472716238935,0.023119572115381477,0.034567721909441185,0.000890460780819619,1.18885288741467,22459.029435163087,0.0006065675271325881,24919658496,15.8228655,,24.537
NXPI,Information Technology,1.4773087942328968,0.02748674397661388,0.026566864301911273,0.0008215064385979193,0.7437133584492277,2590581.6229116945,0.0008039723232564711,53004234752,19.918816,0.0194,104.495
ORLY,Consumer Discretionary,0.7530764566573146,0.017401754971727586,0.048955253865003816,0.0009431771736073576,1.6968368841964878,497288.9419252188,0.0004409610479217038,74727776256,32.048035,,
OXY,Energy,1.344706828793393,0.0394827147945594,0.022615671721511812,0.0009841979577376743,0.22008709215171773,18870493.8743039,0.0007375074526774665,43773702144,12.780822,0.0189,79.146
ODFL,Industrials,1.0263976385168558,0.022382282917468334,0.04408849122508624,0.0010780709252740416,1.826118523341151,1566602.9435163087,0.0005779594469920618,39627362304,32.449303,0.0056,1.437
OMC,Communication Services,0.910511181148791,0.020312872425138143,0.015582009990806148,0.00040778522234031453,0.2886671494328643,1836602.5457438345,0.0005198729897868573,17052585984,11.856557,0.0323,155.236
ON,Information Technology,1.7509135665843267,0.03578992314238991,0.03612686725184322,0.001384247643588633,1.5323224436104845,7029643.357199682,0.0009411128680731485,22286215168,12.987593,,42.376
OKE,Energy,1.2814250072861826,0.030739445126808044,0.02969422998195762,0.0010040539943830457,0.8870014973089082,3407846.062052506,0.0007057883294914734,56645545984,20.586864,0.0424,166.619
ORCL,Information Technology,0.9487679233080202,0.02067866063583383,0.05227619797984844,0.0011722715986267893,2.341978067548618,10074158.790771678,0.0005390486438426606,475651014656,41.47805,0.0083,749.978
PCAR,Industrials,0.829931546903762,0.01742235004583664,0.042488891410038164,0.0008315261804750677,1.3504174430145306,2764359.1487669055,0.00047948358120118457,58145472512,14.053232,0.012,83.654
PKG,Materials,0.8102174787013973,0.018577778250315397,0.04142371890470888,0.0008608305053849207,1.3760760087539259,673606.1256961018,0.0004696021817263507,19097909248,23.81411,0.021,64.596
PANW,Information Technology,1.0325081384591868,0.02646144821537778,0.056563639821592196,0.0015880256672821836,3.6947876661850696,8197582.736674622,0.0005810222491646687,121016401920,47.9013,,27.28
PARA,Communication Services,1.1696411740829395,0.03772086561741683,-0.009850507083742842,-0.00028029981269943506,-0.716640420463341,14412760.859188544,0.0006497582549593717,7742273536,,0.0184,91.924
PH,Industrials,1.300428632548738,0.023006581390652404,0.04860398218389122,0.001209481313293354,2.2730085449520883,843065.7120127287,0.0007153136294327017,91043291136,29.241108,0.0098,78.976
PAYX,Industrials,1.0572202430443125,0.018566142043966335,0.031922860350571985,0.0006839542009882617,0.8982150412597678,1847590.4534606205,0.000593408844095907,53170503680,31.08842,0.028900001,22.517
PAYC,Industrials,1.4734042762794268,0.031877934091366904,0.0069421139142187074,0.00031257009108206634,-0.2380496015197402,600991.0898965792,0.0008020152385361154,11968324608,25.007229,0.0072000003,5.516
PYPL,Financials,1.3363949051701958,0.028242747109462413,0.0037310868976187877,0.00019664598496271736,-0.22862302207516227,12681309.466984885,0.0007333412178403937,88804999168,21.19139,,65.718
PNR,Industrials,1.1081397758859746,0.020864849946864723,0.03832821144552981,0.0008909822218125238,1.3285248927410187,1329652.6650755769,0.0006189315439220154,17131151360,25.92,0.0095999995,49.774
PEP,Consumer Staples,0.65607890752674,0.013880989400724441,0.014979993055837436,0.00029920696610084645,0.28976071879118614,5081222.513922037,0.00039234239036201984,206745174016,22.225664,0.036,229.605
PFE,Health Care,0.5412212325368657,0.017312522468952582,-0.002461891484033374,4.864828963639046e-05,-0.1186913101321535,31648897.02943516,0.00033477159585754336,150288580608,35.36,0.064899996,73.408
PCG,Utilities,0.9742809327428645,0.0261293385694242,0.028555525512399475,0.0008374068354111576,0.859477193650638,16673771.280827366,0.0005518366810678062,34328428544,12.2265625,0.0064,221.631
PM,Consumer Staples,0.6580407765706214,0.015757590195655407,0.03314885940240962,0.0006136159831864107,0.8469513642062059,4995240.175019888,0.0003933257496332218,202438852608,20.666666,0.041500002,
PSX,Energy,1.0285622891296737,0.026948073907415163,0.01622126629899636,0.000528401724367058,0.23237021464121432,3335564.1209228323,0.0005790444476732572,48679014400,23.621244,0.0381,67.143
PNW,Utilities,0.7120898530328954,0.01744079472650269,0.01151247580053559,0.00029205656850081225,0.19037929778486906,979796.1813842482,0.00042041708919272994,9887351808,16.345863,0.041199997,168.24
PNC,Financials,1.1798435735723705,0.022679052724255407,0.020223558416252178,0.0005499209888640836,0.44442178366496354,2239089.737470167,0.0006548720642412537,79563538432,14.625182,0.0319,
POOL,Consumer Discretionary,1.007130730310152,0.023173755846931012,0.025373533845412827,0.0006792699195772787,0.669996821117214,362574.38345266506,0.0005683021801772622,13100605440,29.574741,0.0139,86.515
PPG,Materials,0.9718638640917195,0.01913444114756724,0.004455766085200546,0.0001765284351944372,-0.008814292299176518,1503536.3564041369,0.0005506251593943043,26768158720,20.17133,0.0222,91.282
PPL,Utilities,0.7759256385499705,0.016980168812300127,0.009109107654927957,0.0002459440269799333,0.1357118312689911,5214550.198886237,0.00045241387904904,24795791360,30.27027,0.0307,117.528
PFG,Financials,1.2617381202299967,0.02394299836889435,0.025385256501302585,0.0006990689962744937,0.6796499624087411,1465388.6237072395,0.000695920554183951,18858457088,,0.0354,36.258
PG,Consumer Staples,0.5479946052542536,0.013185859914039604,0.025415568869554043,0.0004263959720194068,0.5317976619065108,7218045.982498012,0.0003381666536875869,389221646336,26.473684,0.0249,69.338
PGR,Financials,0.6065456782336837,0.01725925107468215,0.06259728012029254,0.00117165201545818,2.6108114582022277,2710934.2084327764,0.0003675145556959859,144367271936,17.125782,0.0199,25.375
PLD,Real Estate,1.0438741546011938,0.019881188128241495,0.017583710351761688,0.00044085489476572285,0.3553292705267592,3329413.6833731104,0.0005867193049313271,110446362624,35.918674,0.0327,57.079
PRU,Financials,1.2947603239271506,0.02390752784731219,0.0239691644621128,0.0006643133081246088,0.6038173282389228,2035781.2251392205,0.0007124724694416943,42982227968,10.75334,0.0431,141.51
PEG,Utilities,0.7060972051137353,0.01620229734455538,0.028808078307876406,0.0005580268919392906,0.7087521588683237,2561961.416070008,0.00041741335868954795,41621716992,20.525799,0.0287,137.098
PTC,Information Technology,1.0564848221851448,0.021717842326273475,0.03879010294336572,0.0009337071808137746,1.4048709841159348,790881.2251392204,0.0005930402247314529,23286478848,62.01282,,60.052
PSA,Real Estate,0.6696941065838391,0.016883399727758413,0.0289259956303993,0.0005796389880212659,0.7293737816633714,829096.4200477327,0.0003991668174377281,52288626688,30.962656,0.0402,97.567
PHM,Consumer Discretionary,1.275901287489652,0.027159094750280343,0.04214819533465443,0.0012359766719170447,1.9691005206669172,2683302.704852824,0.0007030196426158737,23334230016,7.745405,0.0078,19.411
PWR,Industrials,1.0906422495321118,0.023158447059298103,0.07850514765497296,0.0019093271471199134,6.8576867154038865,1129368.337311058,0.0006101611548805891,45406924800,56.85952,0.0013,70.631
QCOM,Information Technology,1.3638134703306612,0.026151822633879943,0.029853634104057607,0.0008719967853359051,0.9472323185182316,9099061.256961018,0.0007470843880778195,191155077120,19.343401,0.0197,58.765
DGX,Health Care,0.5920704012078232,0.016764103632759472,0.024687347048778778,0.0005051310856134674,0.5808324095826873,1130499.7613365154,0.00036025902663251974,18041307136,21.23698,0.019299999,100.708
RL,Consumer Discretionary,1.1462288837751018,0.02675787672366285,0.03279884670226788,0.000968897338007441,1.1571854930449597,1007863.4844868735,0.0006380231736571383,15505945600,23.803623,0.013200001,109.237
RJF,Financials,1.1854918015056461,0.022642728118671164,0.04300093926202406,0.0010649284178273443,1.7655375213703923,1193737.7883850439,0.0006577031590696117,34471006208,16.453125,0.0116,45.916
RTX,Industrials,0.9412571013564104,0.020694577935890978,0.017596461475185596,0.0004554211846639727,0.354001769817881,6929740.000795545,0.0005352839499536893,171635032064,36.323944,0.0202,69.597
O,Real Estate,0.8766518808605679,0.019712622417355316,0.0035863172384794366,0.00016196555886083882,-0.04864867855844757,4254929.112967383,0.0005029014916337691,47821529088,52.038097,0.058000002,68.941
REG,Real Estate,1.0401252814864739,0.023902001548719243,0.020764481950847718,0.0005875825210173562,0.4718790972124385,1071899.522673031,0.0005848402349977774,13118127104,33.88679,0.039300002,66.82
REGN,Health Care,0.5788379048888495,0.019401680217676503,0.030860563573375563,0.00069001662705775,0.8818535298501309,757014.5584725537,0.000353626423922879,73953771520,16.63733,,9.221
RF,Financials,1.3127983173819315,0.02718035423513963,0.025819175516031998,0.000793044177854835,0.6978311432799358,8967255.52903739,0.0007215137600176165,22394408960,12.766839,0.040799998,
RSG,Industrials,0.6844678721272689,0.013996044670844376,0.05047177869503367,0.000797675110502504,1.4050353419510637,1197502.4661893398,0.00040657195967339576,67913273344,34.6992,0.0107,114.524
RMD,Health Care,0.9315387786996258,0.022782130109225217,0.022413241704593842,0.0006018912299534109,0.5336888161589826,752834.5266507558,0.00053041277737727,34687049728,27.851416,0.0082,16.366
RVTY,Health Care,0.855656421589553,0.020797776160152662,0.011042823061583771,0.0003209360034808323,0.13882586845832834,846775.1789976134,0.0004923778129042,15350273024,54.83913,0.0022,41.849
ROK,Industrials,1.1212231661724872,0.02202311710626254,0.022087018668159545,0.0005776948399269258,0.5181852598100487,797979.2362768496,0.0006254894093295563,31471777792,33.66747,0.0188,111.327
ROL,Industrials,0.6641556081926795,0.017772713388309838,0.03949891539339047,0.0007932727437056697,1.2182081329294547,1726566.8257756564,0.0003963907229993814,23973097472,51.030926,0.013300001,63.703
ROP,Information Technology,0.8818120734584409,0.0161365468272544,0.021270956588534857,0.0004345096283212295,0.4642620200333458,513076.1336515513,0.0005054879656128206,61726375936,40.17097,0.0061000003,45.241
ROST,Consumer Discretionary,1.0869291903913147,0.023792216203857377,0.018482242101367983,0.0005310033412776236,0.3603054222645301,2481584.725536993,0.0006083000361978659,49674108928,23.710236,0.010299999,114.299
RCL,Consumer Discretionary,1.7199367905973297,0.042060759526285144,0.029621588981926704,0.001337176372225118,0.7538506575314146,5633247.175815433,0.0009255861946931083,71688740864,24.21435,0.0093,298.394
SPGI,Financials,1.0393369252164246,0.018464635045245356,0.031315601375096064,0.0006695009918833737,0.8702954573090611,1465446.8575974542,0.0005844450825029761,161793507328,46.101677,0.0074,31.362
CRM,Information Technology,1.2130022710229829,0.02521844626540074,0.031182750760795148,0.0008776503657383378,1.0217692250440362,6845003.818615751,0.0006714923950735956,327006912512,56.20066,0.0047999998,21.148
SBAC,Real Estate,0.8057378771575838,0.01980487883089962,0.0010370650103192387,0.00011180878813897945,-0.09977033461531759,755030.7875894988,0.0004673568444429384,21242243072,31.160883,0.0198,
SLB,Energy,1.1544303398956604,0.030899496271559062,0.013942036875187865,0.0005220717577126477,0.05090721210509597,12523247.016706444,0.0006421340382118647,56426237952,12.951769,0.026800001,57.141
STX,Information Technology,1.0650862060610846,0.02420522771247788,0.026602832304414757,0.0007351974549950632,0.7410001241854456,2613499.4431185364,0.0005973515474499348,20400087040,17.52,0.028399998,
SRE,Utilities,0.789734693536472,0.017581947180536576,0.018269317054606157,0.0004124800087484028,0.37953242864946457,3013816.229116945,0.00045933547368343406,52527775744,18.26652,0.0299,96.747
NOW,Information Technology,1.29998859568796,0.02676442602412168,0.048608061277840536,0.001392236701516578,2.6660485749661125,1506984.8846459824,0.0007150930671438648,210282233856,149.32257,,24.166
SHW,Materials,0.9188718031008416,0.01894029190098785,0.03075455136030787,0.0006737700213179952,0.8578595573822199,1528903.341288783,0.0005240636339764906,90203668480,33.88458,0.007900001,291.114
SPG,Real Estate,1.292060847591365,0.030319010567698253,0.02405860039821123,0.000820702800987237,0.5670990994117642,2745361.5751789976,0.0007111193948873739,65279733760,23.088978,0.048299998,780.789
SWKS,Information Technology,1.4364960163521896,0.026114875065220956,0.002996872635156812,0.0001695327957233409,-0.19457427033701724,2056502.9435163087,0.0007835154922372625,14267370496,24.054201,0.0335,15.691
SJM,Consumer Staples,0.3047683075495953,0.015367230069573147,0.013634958768456258,0.0003008013896538523,0.25780625149887615,1001841.1296738266,0.0002162528921172437,11374806016,21.59394,0.038,111.438
SNA,Industrials,0.9406658160226812,0.019419579564003323,0.0390333760436513,0.0008492815930011889,1.2933389302193348,372722.9116945107,0.0005349875764945831,18641752064,18.250257,0.0241,23.352
SO,Utilities,0.7031934445241873,0.01674047687827625,0.025353641330225815,0.0005157018877385957,0.60484048182471,4478170.246618934,0.0004159578895255953,91982331904,19.568764,0.0343,176.35
LUV,Industrials,1.0410626337005187,0.02628021984604968,-0.003512815353496304,-1.047718498620335e-06,-0.35383302690623797,8767351.55131265,0.0005853100696143831,18417924096,40.407894,0.0227,87.36
SWK,Industrials,1.3087435624442085,0.025953634749404122,-0.009096748189265218,-0.0001448238386416515,-0.4547635997777676,1516916.0700079554,0.0007194813711214784,13577223168,,0.0372,79.081
SBUX,Consumer Discretionary,1.0579264059369224,0.021407862553175363,0.010807199390459998,0.00032262888040556945,0.1280418764038762,8379960.859188545,0.0005937627983160383,122316939264,34.735485,0.024300002,
STT,Financials,1.2545380080493875,0.024221531992150262,0.019948858089097566,0.0005744617456817835,0.42283412283762933,2445222.991249006,0.0006923115991986132,29344403456,12.377588,0.030299999,
STLD,Materials,1.216644225962385,0.027886383032506123,0.048140468429148736,0.0014337333832493513,2.7162120962820056,1854593.2378679395,0.0006733178737752093,19517806592,13.015227,0.015,40.575
STE,Health Care,0.8550767937397571,0.018234650804821145,0.019303140194801054,0.0004432558621585457,0.4149407320019396,521661.2569610183,0.0004920872825949923,21779765248,37.021812,0.010299999,36.303
SYK,Health Care,1.0294152064374613,0.019373765036592966,0.02947505379899194,0.000662312608012448,0.8139466528939798,1377686.8735083533,0.0005794719604803925,149166014464,50.489033,0.0085,79.443
SMCI,Information Technology,1.421090635657855,0.04830897604852156,0.06414086119895296,0.0031898491686616058,11.98349614676011,24098283.214001592,0.0007757937617887317,16700313600,14.189055,,39.749
SYF,Financials,1.4893893866165098,0.029525204173904848,0.031188043566438804,0.0010121031953535865,1.0515360292029077,5538131.662688942,0.0008100275503161398,26784935936,8.067837,0.015,
SNPS,Information Technology,1.2333326014245676,0.023028586016970228,0.04994568878402868,0.0012414484316096708,2.4068734294778413,947191.4081145584,0.0006816826873101478,81227644928,56.808647,,8.7
SYY,Consumer Staples,1.0457765272225672,0.023672324910739884,0.008830492062469605,0.0003003081184943313,0.024959926888415973,2900969.9284009547,0.0005876728424573626,35674652672,18.697435,0.026500002,599.732
TMUS,Communication Services,0.7314919141168994,0.017283797799550266,0.051782088014835574,0.0009862609801567746,1.861595411766673,4923772.3150357995,0.0004301420994868088,266652794880,24.092037,0.0159,182.272
TROW,Financials,1.2921179442283406,0.022058870632877647,0.010572686764416497,0.00032449137084804254,0.1090985367325501,1383611.8536197294,0.000711148013773787,25974831104,12.806133,0.0424,3.247
TTWO,Communication Services,0.7438686655848582,0.021717245487709258,0.021862207307612458,0.0005660567642724523,0.5116316392386355,1750762.6093874304,0.0004363457721230314,32580564992,,,70.922
TPR,Consumer Discretionary,1.463404473924093,0.03206181817269896,0.03851210673259457,0.0013260380047778637,1.7614674046341832,4027025.139220366,0.000797002978218857,16997646336,21.142029,0.019199999,295.298
TRGP,Energy,1.354536164166386,0.037062997307932194,0.05261346788687812,0.0020412826599221817,3.9440775097777463,2148061.1774065234,0.0007424342688168672,42914799616,35.587704,0.0152,321.534
TGT,Consumer Staples,0.82365347175698,0.022599921345868083,0.014042501033890873,0.00040862926013504624,0.20258930773954553,4417152.4264120925,0.0004763367843137244,63192018944,14.624602,0.0287,132.802
TEL,Information Technology,1.1420632070318582,0.019614234421116896,0.024468639771232165,0.0005712034777086531,0.6065602630309679,1681895.6245027843,0.0006359351867657225,44147294208,23.375988,0.0175,37.194
TDY,Information Technology,0.9919910637019052,0.0199168121855262,0.01611426452168996,0.0004122146212562284,0.3013791258359917,259846.85759745425,0.0005607136351780141,23829153792,29.676727,,29.147
TFX,Health Care,0.9276296173547337,0.021309578472072772,-0.021020033530752272,-0.00035665821273932517,-0.5203492414563073,320859.4272076372,0.0005284533652222576,8371012608,35.69109,0.0075,42.669
TER,Information Technology,1.5095453140154624,0.028750339867211674,0.028470549300291685,0.0009098078098594328,0.8569405784945705,1869212.0127287193,0.0008201304255000102,18857674752,34.876507,0.0039,2.738
TSLA,Consumer Discretionary,1.5772257224919402,0.04232536691569469,0.06932982334615312,0.003025680052596068,13.552015180590686,125568626.33253779,0.0008540542785531198,1301403926528,200.29703,,18.078
TXN,Information Technology,1.1453305585537528,0.01975413078986562,0.025841415430342973,0.0006017445414760879,0.6671799800814671,5197112.171837709,0.0006375729007718389,168404385792,35.43378,0.0271,84.399
TPL,Energy,1.0701770245936228,0.03294721230621564,0.05111683667690771,0.00177542711168607,3.7128162447061888,114061.09785202864,0.0005999032486542485,29802352640,66.65828,0.0049,0.091
TXT,Industrials,1.2679619029247873,0.024642713978855865,0.025666504233157104,0.000723762163924625,0.694473926678072,1291614.1607000795,0.00069904013774329,14193523712,17.629032,0.001,56.941
TMO,Health Care,0.7944542448708287,0.017627739308852523,0.025107989967282425,0.0005338669429823805,0.6089318912770167,1553634.0493237867,0.00046170108242527506,228639375360,36.096016,0.0027,72.329
TJX,Consumer Discretionary,0.9733456670805978,0.01978613258696473,0.035128316776772424,0.000786323374571958,1.0953826023591873,6263034.685759746,0.000551367892305939,140283920384,29.431606,0.0125,162.567
TSCO,Consumer Discretionary,0.7464159234044762,0.019296391061286867,0.056882031022947255,0.001188887756248883,2.5161774632257345,5835832.060461416,0.00043762254928656077,29038841856,26.64706,0.0154,233.038
TT,Industrials,0.969504028830543,0.01942440013475087,0.06003723266854931,0.00125745707160688,2.827027118949915,1328021.3484486875,0.0005494423251527302,81627455488,31.960352,0.0092,69.203
TDG,Industrials,1.2145338012553444,0.02540735733826426,0.038357901963403655,0.001065842763200146,1.5392417334664183,327503.34128878283,0.000672260053066781,75841175552,52.906174,,
TRV,Financials,0.8010067948476542,0.01851154114991133,0.03323024151584314,0.0007064128245118634,0.9497744660254082,1411070.167064439,0.00046498545596173566,55557787648,11.414339,0.0176,29.004
TRMB,Information Technology,1.2294900767830403,0.024199900595951153,0.02540889952702802,0.0007061626840764296,0.679303829550516,1321082.1797931583,0.0006797566758656774,18424567808,12.535117,,32.544
TFC,Financials,1.2951823431344935,0.02637501805321747,0.008648338892607273,0.00031936993569270085,-0.03754316339997643,7593238.743038982,0.000712684000635104,62665060352,,0.0462,
TYL,Information Technology,0.9073381715733436,0.02000969555788267,0.0307829506628499,0.0007072273124067904,0.8908045862468401,253225.45743834527,0.0005182825633547976,25749350400,109.98904,,19.597
TSN,Consumer Staples,0.6110286642506161,0.01963949289066809,-0.007468435108726251,-5.5406436952403904e-05,-0.2676056861411702,2584300.0,0.00036976158939895794,20120213504,25.106667,0.0354,52.863
USB,Financials,1.1422085056836933,0.023941017935291527,0.008165792924757302,0.0002867672361373325,0.0005215472552586586,8818308.830548925,0.0006360080156718213,74536796160,12.60686,0.039300002,
UBER,Industrials,1.2899641083868916,0.03433830049354621,0.02974983761881841,0.0011128287050590332,0.9609551760758532,24955821.320604615,0.0007100684338446671,140766707712,32.931034,,80.343
UDR,Real Estate,0.9121783439317231,0.019446198339103934,0.009811388317304475,0.0002820640444701113,0.12319169664087792,2167618.536197295,0.0005207086316888038,15680049152,109.84211,0.040700004,131.116
ULTA,Consumer Discretionary,1.1200045652156647,0.026102982242537324,0.02592061636944078,0.0007678752300769762,0.7104694114183696,884304.9323786794,0.0006248786027354443,19112425472,16.499199,,82.149
UNP,Industrials,0.8772139198390839,0.017373438236304696,0.018681589214735762,0.000415833277648069,0.3943464709459099,2913000.15910899,0.0005031832057685755,150224420864,22.323421,0.0227,197.154
UAL,Industrials,1.4904528729494941,0.03888514730873879,0.01903416544113249,0.0008314161683471833,0.09438379120045304,14657066.905330151,0.0008105606078862148,34808233984,11.2,,291.676
UPS,Industrials,0.822963775454214,0.019051416238658497,0.014854117811660753,0.00037426182255786137,0.2752805883236189,3690722.673031026,0.0004759910837402055,97480458240,16.922964,0.048699997,155.425
URI,Industrials,1.4548301204811473,0.028655294546284852,0.05154785112215392,0.001568388698403202,3.2839122280459003,805858.3134447096,0.0007927052041248221,49506701312,19.608381,0.0086,167.987
UNH,Health Care,0.8184671580423385,0.018833331854745637,0.031035309484201516,0.0006757681240005431,0.8684569410562544,3494430.3898170246,0.00047373721749219765,499244859392,34.95425,0.0155,74.683
UHS,Health Care,1.1135615122467415,0.02526684060686118,0.01693242489741557,0.0005190987222404883,0.28352086392170306,682745.5051710422,0.0006216491130344902,12438473728,12.545575,0.0042,76.373
VLO,Energy,1.1144814273192554,0.030573723435639254,0.023660170595681727,0.0008146493535022585,0.5568432865045989,4055505.0119331744,0.0006221102075290979,42105802752,15.501165,0.0324,38.593
VTR,Real Estate,1.153615587231903,0.027971487663098423,0.0177409922318014,0.0005875117866127992,0.26201026053656884,2524098.488464598,0.000641725654895893,25346854912,,0.0298,136.679
VRSN,Information Technology,0.9400455226466133,0.01763673137823924,0.005544486371652008,0.00018905645803697608,0.04254567456794223,624411.2967382657,0.0005346766631621546,20661499904,25.058275,,
VRSK,Industrials,0.8340667908541239,0.016698351969275455,0.03308420136079513,0.0006437214802147804,0.8830393561762713,898727.446300716,0.0004815563140831026,40589692928,44.426586,0.0054,1069.413
VZ,Communication Services,0.42324475025642255,0.013493828480729164,-0.009294872212716234,-3.415357011884718e-05,-0.1453371354635843,19702061.336515512,0.000275637543054131,165817319424,9.514493,0.0692,182.615
VRTX,Health Care,0.7220285453300527,0.02000307203497512,0.029403311089697643,0.000679426391063846,0.8197767676328713,1568319.013524264,0.0004253987189526333,118895984640,,,11.35
VTRS,Health Care,0.748487297066759,0.022719121791383762,-0.005100497204195853,-2.4608975908896696e-05,-0.30203217302612373,9233946.45982498,0.0004386607962079248,13463695360,,0.042600002,80.912
VICI,Real Estate,1.047072296248326,0.02180692416361905,0.021842422366811765,0.000567585889372642,0.49435739790963207,6206558.711217184,0.0005883223284609214,31382640640,11.025926,0.0581,66.55
V,Financials,1.0159172228041657,0.01757266025539907,0.027858643896690075,0.0005808203256425228,0.7091147383483694,7779539.856801909,0.0005727062859876278,659335610368,34.490414,0.0069,53.239
VST,Utilities,0.962175117879096,0.027646467510480346,0.06669233809879062,0.0019350773997160267,5.990465898739399,4831682.816229117,0.0005457688115946283,57168171008,31.644068,0.0053,183.15
VMC,Materials,0.9463463031917023,0.021138651976649905,0.030256075776987256,0.0007308424972987223,0.8900376403918246,870954.2561654734,0.0005378348408112417,36204523520,42.902973,0.0067000003,49.475
WRB,Financials,0.8525797776825349,0.018744520330981305,0.036296596911774066,0.0007716321400280235,1.1112754824963056,1895661.1774065234,0.0004908356884083837,22290688000,13.493119,0.0056,36.284
GWW,Industrials,0.9202744227476717,0.018359142110224574,0.05563944844979152,0.0011127623822940781,2.2740431743525877,285153.2219570406,0.0005247666773513693,51752243200,27.473372,0.0073,83.325
WAB,Industrials,1.0591231075194965,0.021189618805545776,0.03975085215011913,0.0009335752455264753,1.4322266116021969,1109539.140811456,0.0005943626281567488,35739369472,34.595673,0.0038,39.063
WBA,Consumer Staples,0.7778520626450625,0.025162706953299772,-0.04091179215781523,-0.000938181595731571,-0.7938539443990297,9548662.848050915,0.00045337947203807433,8883492864,,0.108500004,277.898
WMT,Consumer Staples,0.46727066191745076,0.014225688900364561,0.0511431513029243,0.0008188164010895168,1.462307298930103,22416505.171042163,0.0002977049121988811,788557594624,40.561985,0.0099,69.566
DIS,Communication Services,1.0316775853672127,0.021403119455605676,-0.003954467460466494,6.631901830171269e-06,-0.2431256433764899,12276209.38743039,0.000580605946106233,204464488448,41.566174,0.0082,45.188
WBD,Communication Services,1.0361197994153581,0.03427755935196706,-0.011275067926846379,-0.00029521196879009565,-0.6738050952608723,17248803.898170248,0.0005828325434331701,25611091968,,,111.154
WM,Industrials,0.6325596310605858,0.014186677024679973,0.03741864707991498,0.0006221161020930795,0.9238920014092515,1738005.9665871123,0.0003805536837523283,88404877312,32.343613,0.0143,208.894
WAT,Health Care,0.9086632776363248,0.020657555484937494,0.023371599508656544,0.0005740699548916517,0.5780652016255616,441974.4630071599,0.000518946754135738,24669624320,39.682903,,120.473
